{"adminEmail":"admin@pettag.com","adminId":"69258f21541409d4238bbb4c","ip":"::1","level":"info","message":"Admin action","method":"GET","path":"/tags","resourceId":null,"timestamp":"2026-06-21T21:19:26.628Z"}
{"adminEmail":"admin@pettag.com","adminId":"69258f21541409d4238bbb4c","ip":"::1","level":"info","message":"Admin action","method":"GET","path":"/analytics/scans","resourceId":null,"timestamp":"2026-06-21T21:19:54.244Z"}
{"adminEmail":"admin@pettag.com","adminId":"69258f21541409d4238bbb4c","ip":"::1","level":"info","message":"Admin action","method":"GET","path":"/analytics/scans","resourceId":null,"timestamp":"2026-06-21T21:19:54.451Z"}
{"adminEmail":"admin@pettag.com","adminId":"69258f21541409d4238bbb4c","ip":"::1","level":"info","message":"Admin action","method":"GET","path":"/tags","resourceId":null,"timestamp":"2026-06-21T21:19:56.020Z"}
{"adminEmail":"admin@pettag.com","adminId":"69258f21541409d4238bbb4c","ip":"::1","level":"info","message":"Admin action","method":"GET","path":"/tags","resourceId":null,"timestamp":"2026-06-21T21:19:56.311Z"}
{"adminEmail":"admin@pettag.com","adminId":"69258f21541409d4238bbb4c","ip":"::1","level":"info","message":"Admin action","method":"GET","path":"/orders","resourceId":null,"timestamp":"2026-06-21T21:19:57.746Z"}
{"adminEmail":"admin@pettag.com","adminId":"69258f21541409d4238bbb4c","ip":"::1","level":"info","message":"Admin action","method":"GET","path":"/orders","resourceId":null,"timestamp":"2026-06-21T21:19:58.134Z"}
{"adminEmail":"admin@pettag.com","adminId":"69258f21541409d4238bbb4c","ip":"::1","level":"info","message":"Admin action","method":"GET","path":"/users","resourceId":null,"timestamp":"2026-06-21T21:19:59.209Z"}
{"adminEmail":"admin@pettag.com","adminId":"69258f21541409d4238bbb4c","ip":"::1","level":"info","message":"Admin action","method":"GET","path":"/users","resourceId":null,"timestamp":"2026-06-21T21:19:59.404Z"}
{"adminEmail":"admin@pettag.com","adminId":"69258f21541409d4238bbb4c","ip":"::1","level":"info","message":"Admin action","method":"GET","path":"/users/693b1206efd51980d64652b2","resourceId":null,"timestamp":"2026-06-21T21:20:02.330Z"}
{"adminEmail":"admin@pettag.com","adminId":"69258f21541409d4238bbb4c","ip":"::1","level":"info","message":"Admin action","method":"GET","path":"/users","resourceId":null,"timestamp":"2026-06-21T21:20:12.719Z"}
{"adminEmail":"admin@pettag.com","adminId":"69258f21541409d4238bbb4c","ip":"::1","level":"info","message":"Admin action","method":"GET","path":"/users","resourceId":null,"timestamp":"2026-06-21T21:20:12.934Z"}
{"adminEmail":"admin@pettag.com","adminId":"69258f21541409d4238bbb4c","ip":"::1","level":"info","message":"Admin action","method":"GET","path":"/users","resourceId":null,"timestamp":"2026-06-21T21:20:13.073Z"}
{"adminEmail":"admin@pettag.com","adminId":"69258f21541409d4238bbb4c","ip":"::1","level":"info","message":"Admin action","method":"GET","path":"/users","resourceId":null,"timestamp":"2026-06-21T21:20:13.237Z"}
{"adminEmail":"admin@pettag.com","adminId":"69258f21541409d4238bbb4c","ip":"::1","level":"info","message":"Admin action","method":"GET","path":"/users","resourceId":null,"timestamp":"2026-06-21T21:20:13.389Z"}
{"adminEmail":"admin@pettag.com","adminId":"69258f21541409d4238bbb4c","ip":"::1","level":"info","message":"Admin action","method":"GET","path":"/users/6925909d3d8c9fafa401fa39","resourceId":null,"timestamp":"2026-06-21T21:20:17.544Z"}
{"adminEmail":"admin@pettag.com","adminId":"69258f21541409d4238bbb4c","ip":"::1","level":"info","message":"Admin action","method":"GET","path":"/tags","resourceId":null,"timestamp":"2026-06-21T21:22:13.275Z"}
{"adminEmail":"admin@pettag.com","adminId":"69258f21541409d4238bbb4c","ip":"::1","level":"info","message":"Admin action","method":"GET","path":"/tags","resourceId":null,"timestamp":"2026-06-21T21:22:13.572Z"}
{"adminEmail":"admin@pettag.com","adminId":"69258f21541409d4238bbb4c","ip":"::1","level":"info","message":"Admin action","method":"GET","path":"/orders","resourceId":null,"timestamp":"2026-06-21T21:22:13.737Z"}
{"adminEmail":"admin@pettag.com","adminId":"69258f21541409d4238bbb4c","ip":"::1","level":"info","message":"Admin action","method":"GET","path":"/orders","resourceId":null,"timestamp":"2026-06-21T21:22:14.118Z"}
{"adminEmail":"admin@pettag.com","adminId":"69258f21541409d4238bbb4c","ip":"::1","level":"info","message":"Admin action","method":"GET","path":"/users","resourceId":null,"timestamp":"2026-06-21T21:22:26.646Z"}
{"adminEmail":"admin@pettag.com","adminId":"69258f21541409d4238bbb4c","ip":"::1","level":"info","message":"Admin action","method":"GET","path":"/users","resourceId":null,"timestamp":"2026-06-21T21:22:26.852Z"}
{"adminEmail":"admin@pettag.com","adminId":"69258f21541409d4238bbb4c","ip":"::1","level":"info","message":"Admin action","method":"GET","path":"/users/693b1206efd51980d64652b2","resourceId":null,"timestamp":"2026-06-21T21:22:37.324Z"}
{"adminEmail":"admin@pettag.com","adminId":"69258f21541409d4238bbb4c","ip":"::1","level":"info","message":"Admin action","method":"GET","path":"/users/693b1206efd51980d64652b2","resourceId":null,"timestamp":"2026-06-21T21:22:43.348Z"}
{"adminEmail":"admin@pettag.com","adminId":"69258f21541409d4238bbb4c","ip":"::1","level":"info","message":"Admin action","method":"GET","path":"/pets","resourceId":null,"timestamp":"2026-06-21T21:22:47.195Z"}
{"adminEmail":"admin@pettag.com","adminId":"69258f21541409d4238bbb4c","ip":"::1","level":"info","message":"Admin action","method":"GET","path":"/pets","resourceId":null,"timestamp":"2026-06-21T21:22:47.487Z"}
{"adminEmail":"admin@pettag.com","adminId":"69258f21541409d4238bbb4c","ip":"::1","level":"info","message":"Admin action","method":"GET","path":"/orders","resourceId":null,"timestamp":"2026-06-21T21:22:58.242Z"}
{"adminEmail":"admin@pettag.com","adminId":"69258f21541409d4238bbb4c","ip":"::1","level":"info","message":"Admin action","method":"GET","path":"/orders","resourceId":null,"timestamp":"2026-06-21T21:22:58.627Z"}
{"adminEmail":"admin@pettag.com","adminId":"69258f21541409d4238bbb4c","ip":"::1","level":"info","message":"Admin action","method":"GET","path":"/tags","resourceId":null,"timestamp":"2026-06-21T21:23:03.659Z"}
{"adminEmail":"admin@pettag.com","adminId":"69258f21541409d4238bbb4c","ip":"::1","level":"info","message":"Admin action","method":"GET","path":"/tags","resourceId":null,"timestamp":"2026-06-21T21:23:03.948Z"}
{"adminEmail":"admin@pettag.com","adminId":"69258f21541409d4238bbb4c","ip":"::1","level":"info","message":"Admin action","method":"GET","path":"/orders","resourceId":null,"timestamp":"2026-06-21T21:23:40.639Z"}
{"adminEmail":"admin@pettag.com","adminId":"69258f21541409d4238bbb4c","ip":"::1","level":"info","message":"Admin action","method":"GET","path":"/orders","resourceId":null,"timestamp":"2026-06-21T21:23:41.036Z"}
{"adminEmail":"admin@pettag.com","adminId":"69258f21541409d4238bbb4c","ip":"::1","level":"info","message":"Admin action","method":"GET","path":"/pets","resourceId":null,"timestamp":"2026-06-21T21:23:42.215Z"}
{"adminEmail":"admin@pettag.com","adminId":"69258f21541409d4238bbb4c","ip":"::1","level":"info","message":"Admin action","method":"GET","path":"/pets","resourceId":null,"timestamp":"2026-06-21T21:23:42.505Z"}
{"adminEmail":"admin@pettag.com","adminId":"69258f21541409d4238bbb4c","ip":"::1","level":"info","message":"Admin action","method":"GET","path":"/users","resourceId":null,"timestamp":"2026-06-21T21:23:44.116Z"}
{"adminEmail":"admin@pettag.com","adminId":"69258f21541409d4238bbb4c","ip":"::1","level":"info","message":"Admin action","method":"GET","path":"/users","resourceId":null,"timestamp":"2026-06-21T21:23:44.322Z"}
{"adminEmail":"admin@pettag.com","adminId":"69258f21541409d4238bbb4c","ip":"::1","level":"info","message":"Admin action","method":"GET","path":"/pets","resourceId":null,"timestamp":"2026-06-21T21:23:46.586Z"}
{"adminEmail":"admin@pettag.com","adminId":"69258f21541409d4238bbb4c","ip":"::1","level":"info","message":"Admin action","method":"GET","path":"/pets","resourceId":null,"timestamp":"2026-06-21T21:23:46.880Z"}
{"adminEmail":"admin@pettag.com","adminId":"69258f21541409d4238bbb4c","ip":"::1","level":"info","message":"Admin action","method":"GET","path":"/tags","resourceId":null,"timestamp":"2026-06-21T21:24:32.304Z"}
{"adminEmail":"admin@pettag.com","adminId":"69258f21541409d4238bbb4c","ip":"::1","level":"info","message":"Admin action","method":"GET","path":"/tags","resourceId":null,"timestamp":"2026-06-21T21:24:32.590Z"}
{"adminEmail":"admin@pettag.com","adminId":"69258f21541409d4238bbb4c","ip":"::1","level":"info","message":"Admin action","method":"GET","path":"/pets","resourceId":null,"timestamp":"2026-06-21T21:28:19.840Z"}
{"adminEmail":"admin@pettag.com","adminId":"69258f21541409d4238bbb4c","ip":"::1","level":"info","message":"Admin action","method":"GET","path":"/pets","resourceId":null,"timestamp":"2026-06-21T21:28:20.131Z"}
{"adminEmail":"admin@pettag.com","adminId":"69258f21541409d4238bbb4c","ip":"::1","level":"info","message":"Admin action","method":"GET","path":"/users","resourceId":null,"timestamp":"2026-06-21T21:28:37.510Z"}
{"adminEmail":"admin@pettag.com","adminId":"69258f21541409d4238bbb4c","ip":"::1","level":"info","message":"Admin action","method":"GET","path":"/users","resourceId":null,"timestamp":"2026-06-21T21:28:37.715Z"}
{"adminEmail":"admin@pettag.com","adminId":"69258f21541409d4238bbb4c","ip":"::1","level":"info","message":"Admin action","method":"GET","path":"/users/693b1206efd51980d64652b2","resourceId":null,"timestamp":"2026-06-21T21:28:39.948Z"}
{"adminEmail":"admin@pettag.com","adminId":"69258f21541409d4238bbb4c","ip":"::1","level":"info","message":"Admin action","method":"GET","path":"/users","resourceId":null,"timestamp":"2026-06-21T21:28:45.274Z"}
{"adminEmail":"admin@pettag.com","adminId":"69258f21541409d4238bbb4c","ip":"::1","level":"info","message":"Admin action","method":"GET","path":"/users","resourceId":null,"timestamp":"2026-06-21T21:28:45.466Z"}
{"adminEmail":"admin@pettag.com","adminId":"69258f21541409d4238bbb4c","ip":"::1","level":"info","message":"Admin action","method":"GET","path":"/users","resourceId":null,"timestamp":"2026-06-21T21:28:45.618Z"}
{"adminEmail":"admin@pettag.com","adminId":"69258f21541409d4238bbb4c","ip":"::1","level":"info","message":"Admin action","method":"GET","path":"/users","resourceId":null,"timestamp":"2026-06-21T21:28:45.802Z"}
{"adminEmail":"admin@pettag.com","adminId":"69258f21541409d4238bbb4c","ip":"::1","level":"info","message":"Admin action","method":"GET","path":"/users","resourceId":null,"timestamp":"2026-06-21T21:28:45.944Z"}
{"adminEmail":"admin@pettag.com","adminId":"69258f21541409d4238bbb4c","ip":"::1","level":"info","message":"Admin action","method":"GET","path":"/users/6925909d3d8c9fafa401fa39","resourceId":null,"timestamp":"2026-06-21T21:28:50.436Z"}
{"adminEmail":"admin@pettag.com","adminId":"69258f21541409d4238bbb4c","ip":"::1","level":"info","message":"Admin action","method":"GET","path":"/pets","resourceId":null,"timestamp":"2026-06-21T21:30:07.218Z"}
{"adminEmail":"admin@pettag.com","adminId":"69258f21541409d4238bbb4c","ip":"::1","level":"info","message":"Admin action","method":"GET","path":"/pets","resourceId":null,"timestamp":"2026-06-21T21:30:07.513Z"}
{"adminEmail":"admin@pettag.com","adminId":"69258f21541409d4238bbb4c","ip":"::1","level":"info","message":"Admin action","method":"GET","path":"/orders","resourceId":null,"timestamp":"2026-06-21T21:30:08.314Z"}
{"adminEmail":"admin@pettag.com","adminId":"69258f21541409d4238bbb4c","ip":"::1","level":"info","message":"Admin action","method":"GET","path":"/orders","resourceId":null,"timestamp":"2026-06-21T21:30:08.699Z"}
{"adminEmail":"admin@pettag.com","adminId":"69258f21541409d4238bbb4c","ip":"::1","level":"info","message":"Admin action","method":"GET","path":"/tags","resourceId":null,"timestamp":"2026-06-21T21:30:10.054Z"}
{"adminEmail":"admin@pettag.com","adminId":"69258f21541409d4238bbb4c","ip":"::1","level":"info","message":"Admin action","method":"GET","path":"/tags","resourceId":null,"timestamp":"2026-06-21T21:30:10.345Z"}
{"adminEmail":"admin@pettag.com","adminId":"69258f21541409d4238bbb4c","ip":"::1","level":"info","message":"Admin action","method":"GET","path":"/analytics/scans","resourceId":null,"timestamp":"2026-06-21T21:30:11.270Z"}
{"adminEmail":"admin@pettag.com","adminId":"69258f21541409d4238bbb4c","ip":"::1","level":"info","message":"Admin action","method":"GET","path":"/analytics/scans","resourceId":null,"timestamp":"2026-06-21T21:30:11.475Z"}
{"adminEmail":"admin@pettag.com","adminId":"69258f21541409d4238bbb4c","ip":"::1","level":"info","message":"Admin action","method":"GET","path":"/tags","resourceId":null,"timestamp":"2026-06-21T21:30:13.255Z"}
{"adminEmail":"admin@pettag.com","adminId":"69258f21541409d4238bbb4c","ip":"::1","level":"info","message":"Admin action","method":"GET","path":"/stats","resourceId":null,"timestamp":"2026-06-21T21:34:39.339Z"}
{"adminEmail":"admin@pettag.com","adminId":"69258f21541409d4238bbb4c","ip":"::1","level":"info","message":"Admin action","method":"GET","path":"/stats","resourceId":null,"timestamp":"2026-06-21T21:34:41.393Z"}
{"adminEmail":"admin@pettag.com","adminId":"69258f21541409d4238bbb4c","ip":"::1","level":"info","message":"Admin action","method":"GET","path":"/stats","resourceId":null,"timestamp":"2026-06-21T21:34:54.921Z"}
{"adminEmail":"admin@pettag.com","adminId":"69258f21541409d4238bbb4c","ip":"::1","level":"info","message":"Admin action","method":"GET","path":"/stats","resourceId":null,"timestamp":"2026-06-21T21:34:55.216Z"}
{"adminEmail":"admin@pettag.com","adminId":"69258f21541409d4238bbb4c","ip":"::1","level":"info","message":"Admin action","method":"GET","path":"/users","resourceId":null,"timestamp":"2026-06-21T21:37:46.530Z"}
{"adminEmail":"admin@pettag.com","adminId":"69258f21541409d4238bbb4c","ip":"::1","level":"info","message":"Admin action","method":"GET","path":"/users","resourceId":null,"timestamp":"2026-06-21T21:37:46.737Z"}
{"adminEmail":"admin@pettag.com","adminId":"69258f21541409d4238bbb4c","ip":"::1","level":"info","message":"Admin action","method":"GET","path":"/pets","resourceId":null,"timestamp":"2026-06-21T21:37:48.657Z"}
{"adminEmail":"admin@pettag.com","adminId":"69258f21541409d4238bbb4c","ip":"::1","level":"info","message":"Admin action","method":"GET","path":"/pets","resourceId":null,"timestamp":"2026-06-21T21:37:48.962Z"}
{"adminEmail":"admin@pettag.com","adminId":"69258f21541409d4238bbb4c","ip":"::1","level":"info","message":"Admin action","method":"GET","path":"/pets","resourceId":null,"timestamp":"2026-06-21T21:58:07.828Z"}
{"adminEmail":"admin@pettag.com","adminId":"69258f21541409d4238bbb4c","ip":"::1","level":"info","message":"Admin action","method":"GET","path":"/pets","resourceId":null,"timestamp":"2026-06-21T21:58:08.127Z"}
{"adminEmail":"admin@pettag.com","adminId":"69258f21541409d4238bbb4c","ip":"::1","level":"info","message":"Admin action","method":"GET","path":"/stats","resourceId":null,"timestamp":"2026-06-21T21:58:08.590Z"}
{"adminEmail":"admin@pettag.com","adminId":"69258f21541409d4238bbb4c","ip":"::1","level":"info","message":"Admin action","method":"GET","path":"/stats","resourceId":null,"timestamp":"2026-06-21T21:58:08.882Z"}
{"adminEmail":"admin@pettag.com","adminId":"69258f21541409d4238bbb4c","ip":"::1","level":"info","message":"Admin action","method":"GET","path":"/users","resourceId":null,"timestamp":"2026-06-21T21:58:10.388Z"}
{"adminEmail":"admin@pettag.com","adminId":"69258f21541409d4238bbb4c","ip":"::1","level":"info","message":"Admin action","method":"GET","path":"/users","resourceId":null,"timestamp":"2026-06-21T21:58:10.595Z"}
{"adminEmail":"admin@pettag.com","adminId":"69258f21541409d4238bbb4c","ip":"::1","level":"info","message":"Admin action","method":"GET","path":"/stats","resourceId":null,"timestamp":"2026-06-21T21:58:14.793Z"}
{"adminEmail":"admin@pettag.com","adminId":"69258f21541409d4238bbb4c","ip":"::1","level":"info","message":"Admin action","method":"GET","path":"/stats","resourceId":null,"timestamp":"2026-06-21T21:58:15.083Z"}
{"adminEmail":"admin@pettag.com","adminId":"69258f21541409d4238bbb4c","ip":"::1","level":"info","message":"Admin action","method":"GET","path":"/users","resourceId":null,"timestamp":"2026-06-21T21:58:16.153Z"}
{"adminEmail":"admin@pettag.com","adminId":"69258f21541409d4238bbb4c","ip":"::1","level":"info","message":"Admin action","method":"GET","path":"/users","resourceId":null,"timestamp":"2026-06-21T21:58:16.359Z"}
{"adminEmail":"admin@pettag.com","adminId":"69258f21541409d4238bbb4c","ip":"::1","level":"info","message":"Admin action","method":"GET","path":"/pets","resourceId":null,"timestamp":"2026-06-21T21:58:17.558Z"}
{"adminEmail":"admin@pettag.com","adminId":"69258f21541409d4238bbb4c","ip":"::1","level":"info","message":"Admin action","method":"GET","path":"/pets","resourceId":null,"timestamp":"2026-06-21T21:58:17.862Z"}
{"adminEmail":"admin@pettag.com","adminId":"69258f21541409d4238bbb4c","ip":"::1","level":"info","message":"Admin action","method":"GET","path":"/tags","resourceId":null,"timestamp":"2026-06-21T21:59:10.612Z"}
{"adminEmail":"admin@pettag.com","adminId":"69258f21541409d4238bbb4c","ip":"::1","level":"info","message":"Admin action","method":"GET","path":"/tags","resourceId":null,"timestamp":"2026-06-21T21:59:10.931Z"}
{"adminEmail":"admin@pettag.com","adminId":"69258f21541409d4238bbb4c","ip":"::1","level":"info","message":"Admin action","method":"GET","path":"/users","resourceId":null,"timestamp":"2026-06-21T22:01:43.452Z"}
{"adminEmail":"admin@pettag.com","adminId":"69258f21541409d4238bbb4c","ip":"::1","level":"info","message":"Admin action","method":"GET","path":"/users","resourceId":null,"timestamp":"2026-06-21T22:01:43.662Z"}
{"adminEmail":"admin@pettag.com","adminId":"69258f21541409d4238bbb4c","ip":"::1","level":"info","message":"Admin action","method":"GET","path":"/users/693b1206efd51980d64652b2","resourceId":null,"timestamp":"2026-06-21T22:01:46.220Z"}
{"adminEmail":"admin@pettag.com","adminId":"69258f21541409d4238bbb4c","ip":"::1","level":"info","message":"Admin action","method":"GET","path":"/users","resourceId":null,"timestamp":"2026-06-21T22:01:49.886Z"}
{"adminEmail":"admin@pettag.com","adminId":"69258f21541409d4238bbb4c","ip":"::1","level":"info","message":"Admin action","method":"GET","path":"/users","resourceId":null,"timestamp":"2026-06-21T22:01:50.101Z"}
{"adminEmail":"admin@pettag.com","adminId":"69258f21541409d4238bbb4c","ip":"::1","level":"info","message":"Admin action","method":"GET","path":"/users","resourceId":null,"timestamp":"2026-06-21T22:01:50.268Z"}
{"adminEmail":"admin@pettag.com","adminId":"69258f21541409d4238bbb4c","ip":"::1","level":"info","message":"Admin action","method":"GET","path":"/users","resourceId":null,"timestamp":"2026-06-21T22:01:52.927Z"}
{"adminEmail":"admin@pettag.com","adminId":"69258f21541409d4238bbb4c","ip":"::1","level":"info","message":"Admin action","method":"GET","path":"/users/6925909d3d8c9fafa401fa39","resourceId":null,"timestamp":"2026-06-21T22:01:55.864Z"}
{"adminEmail":"admin@pettag.com","adminId":"69258f21541409d4238bbb4c","ip":"::1","level":"info","message":"Admin action","method":"GET","path":"/pets/69258f22541409d4238bbb69","resourceId":null,"timestamp":"2026-06-21T22:02:01.130Z"}
{"adminEmail":"admin@pettag.com","adminId":"69258f21541409d4238bbb4c","ip":"::1","level":"info","message":"Admin action","method":"GET","path":"/pets/69258f22541409d4238bbb69","resourceId":null,"timestamp":"2026-06-21T22:02:01.228Z"}
{"adminEmail":"admin@pettag.com","adminId":"69258f21541409d4238bbb4c","ip":"::1","level":"info","message":"Admin action","method":"GET","path":"/stats","resourceId":null,"timestamp":"2026-06-21T22:04:13.915Z"}
{"adminEmail":"admin@pettag.com","adminId":"69258f21541409d4238bbb4c","ip":"::1","level":"info","message":"Admin action","method":"GET","path":"/stats","resourceId":null,"timestamp":"2026-06-21T22:04:14.205Z"}
{"adminEmail":"admin@pettag.com","adminId":"69258f21541409d4238bbb4c","ip":"::1","level":"info","message":"Admin action","method":"GET","path":"/users","resourceId":null,"timestamp":"2026-06-21T22:04:15.834Z"}
{"adminEmail":"admin@pettag.com","adminId":"69258f21541409d4238bbb4c","ip":"::1","level":"info","message":"Admin action","method":"GET","path":"/users","resourceId":null,"timestamp":"2026-06-21T22:04:16.046Z"}
{"adminEmail":"admin@pettag.com","adminId":"69258f21541409d4238bbb4c","ip":"::1","level":"info","message":"Admin action","method":"GET","path":"/pets","resourceId":null,"timestamp":"2026-06-21T22:04:17.594Z"}
{"adminEmail":"admin@pettag.com","adminId":"69258f21541409d4238bbb4c","ip":"::1","level":"info","message":"Admin action","method":"GET","path":"/pets","resourceId":null,"timestamp":"2026-06-21T22:04:17.898Z"}
{"adminEmail":"admin@pettag.com","adminId":"69258f21541409d4238bbb4c","ip":"::1","level":"info","message":"Admin action","method":"GET","path":"/users","resourceId":null,"timestamp":"2026-06-21T22:05:55.153Z"}
{"adminEmail":"admin@pettag.com","adminId":"69258f21541409d4238bbb4c","ip":"::1","level":"info","message":"Admin action","method":"GET","path":"/users","resourceId":null,"timestamp":"2026-06-21T22:05:55.358Z"}
{"adminEmail":"admin@pettag.com","adminId":"69258f21541409d4238bbb4c","ip":"::1","level":"info","message":"Admin action","method":"GET","path":"/users/69258f22541409d4238bbb66","resourceId":null,"timestamp":"2026-06-21T22:06:05.973Z"}
{"adminEmail":"admin@pettag.com","adminId":"69258f21541409d4238bbb4c","ip":"::1","level":"info","message":"Admin action","method":"GET","path":"/users/693419a9ac6177a399474bc7","resourceId":null,"timestamp":"2026-06-21T22:06:11.634Z"}
{"adminEmail":"admin@pettag.com","adminId":"69258f21541409d4238bbb4c","ip":"::1","level":"info","message":"Admin action","method":"GET","path":"/users","resourceId":null,"timestamp":"2026-06-21T22:06:15.794Z"}
{"adminEmail":"admin@pettag.com","adminId":"69258f21541409d4238bbb4c","ip":"::1","level":"info","message":"Admin action","method":"GET","path":"/users","resourceId":null,"timestamp":"2026-06-21T22:06:16.082Z"}
{"adminEmail":"admin@pettag.com","adminId":"69258f21541409d4238bbb4c","ip":"::1","level":"info","message":"Admin action","method":"GET","path":"/users/6925909d3d8c9fafa401fa39","resourceId":null,"timestamp":"2026-06-21T22:06:21.138Z"}
{"adminEmail":"admin@pettag.com","adminId":"69258f21541409d4238bbb4c","ip":"::1","level":"info","message":"Admin action","method":"GET","path":"/pets","resourceId":null,"timestamp":"2026-06-21T22:12:40.999Z"}
{"adminEmail":"admin@pettag.com","adminId":"69258f21541409d4238bbb4c","ip":"::1","level":"info","message":"Admin action","method":"GET","path":"/stats","resourceId":null,"timestamp":"2026-06-21T22:12:41.271Z"}
{"adminEmail":"admin@pettag.com","adminId":"69258f21541409d4238bbb4c","ip":"::1","level":"info","message":"Admin action","method":"GET","path":"/pets","resourceId":null,"timestamp":"2026-06-21T22:12:41.302Z"}
{"adminEmail":"admin@pettag.com","adminId":"69258f21541409d4238bbb4c","ip":"::1","level":"info","message":"Admin action","method":"GET","path":"/stats","resourceId":null,"timestamp":"2026-06-21T22:12:42.166Z"}
{"adminEmail":"admin@pettag.com","adminId":"69258f21541409d4238bbb4c","ip":"::1","level":"info","message":"Admin action","method":"GET","path":"/users","resourceId":null,"timestamp":"2026-06-21T22:12:43.339Z"}
{"adminEmail":"admin@pettag.com","adminId":"69258f21541409d4238bbb4c","ip":"::1","level":"info","message":"Admin action","method":"GET","path":"/users","resourceId":null,"timestamp":"2026-06-21T22:12:43.556Z"}
{"adminEmail":"admin@pettag.com","adminId":"69258f21541409d4238bbb4c","ip":"::1","level":"info","message":"Admin action","method":"GET","path":"/stats","resourceId":null,"timestamp":"2026-06-21T22:12:46.052Z"}
{"adminEmail":"admin@pettag.com","adminId":"69258f21541409d4238bbb4c","ip":"::1","level":"info","message":"Admin action","method":"GET","path":"/stats","resourceId":null,"timestamp":"2026-06-21T22:12:46.341Z"}
{"adminEmail":"admin@pettag.com","adminId":"69258f21541409d4238bbb4c","ip":"::1","level":"info","message":"Admin action","method":"GET","path":"/users","resourceId":null,"timestamp":"2026-06-21T22:12:47.783Z"}
{"adminEmail":"admin@pettag.com","adminId":"69258f21541409d4238bbb4c","ip":"::1","level":"info","message":"Admin action","method":"GET","path":"/users","resourceId":null,"timestamp":"2026-06-21T22:12:47.987Z"}
{"adminEmail":"admin@pettag.com","adminId":"69258f21541409d4238bbb4c","ip":"::1","level":"info","message":"Admin action","method":"GET","path":"/pets","resourceId":null,"timestamp":"2026-06-21T22:12:48.912Z"}
{"adminEmail":"admin@pettag.com","adminId":"69258f21541409d4238bbb4c","ip":"::1","level":"info","message":"Admin action","method":"GET","path":"/pets","resourceId":null,"timestamp":"2026-06-21T22:12:49.309Z"}
{"adminEmail":"admin@pettag.com","adminId":"69258f21541409d4238bbb4c","ip":"::1","level":"info","message":"Admin action","method":"GET","path":"/orders","resourceId":null,"timestamp":"2026-06-21T22:12:52.020Z"}
{"adminEmail":"admin@pettag.com","adminId":"69258f21541409d4238bbb4c","ip":"::1","level":"info","message":"Admin action","method":"GET","path":"/orders","resourceId":null,"timestamp":"2026-06-21T22:12:52.403Z"}
{"adminEmail":"admin@pettag.com","adminId":"69258f21541409d4238bbb4c","ip":"::1","level":"info","message":"Admin action","method":"GET","path":"/tags","resourceId":null,"timestamp":"2026-06-21T22:13:02.855Z"}
{"adminEmail":"admin@pettag.com","adminId":"69258f21541409d4238bbb4c","ip":"::1","level":"info","message":"Admin action","method":"GET","path":"/tags","resourceId":null,"timestamp":"2026-06-21T22:13:03.156Z"}
{"adminEmail":"admin@pettag.com","adminId":"69258f21541409d4238bbb4c","ip":"::1","level":"info","message":"Admin action","method":"GET","path":"/analytics/scans","resourceId":null,"timestamp":"2026-06-21T22:14:39.480Z"}
{"adminEmail":"admin@pettag.com","adminId":"69258f21541409d4238bbb4c","ip":"::1","level":"info","message":"Admin action","method":"GET","path":"/analytics/scans","resourceId":null,"timestamp":"2026-06-21T22:14:39.685Z"}
{"adminEmail":"admin@pettag.com","adminId":"69258f21541409d4238bbb4c","ip":"::1","level":"info","message":"Admin action","method":"GET","path":"/tags","resourceId":null,"timestamp":"2026-06-21T22:14:41.045Z"}
{"adminEmail":"admin@pettag.com","adminId":"69258f21541409d4238bbb4c","ip":"::1","level":"info","message":"Admin action","method":"GET","path":"/tags","resourceId":null,"timestamp":"2026-06-21T22:14:41.352Z"}
{"adminEmail":"admin@pettag.com","adminId":"69258f21541409d4238bbb4c","ip":"::1","level":"info","message":"Admin action","method":"GET","path":"/orders","resourceId":null,"timestamp":"2026-06-21T22:14:42.253Z"}
{"adminEmail":"admin@pettag.com","adminId":"69258f21541409d4238bbb4c","ip":"::1","level":"info","message":"Admin action","method":"GET","path":"/orders","resourceId":null,"timestamp":"2026-06-21T22:14:42.656Z"}
{"adminEmail":"admin@pettag.com","adminId":"69258f21541409d4238bbb4c","ip":"::1","level":"info","message":"Admin action","method":"GET","path":"/pets","resourceId":null,"timestamp":"2026-06-21T22:14:43.827Z"}
{"adminEmail":"admin@pettag.com","adminId":"69258f21541409d4238bbb4c","ip":"::1","level":"info","message":"Admin action","method":"GET","path":"/pets","resourceId":null,"timestamp":"2026-06-21T22:14:44.138Z"}
{"adminEmail":"admin@pettag.com","adminId":"69258f21541409d4238bbb4c","ip":"::1","level":"info","message":"Admin action","method":"GET","path":"/users","resourceId":null,"timestamp":"2026-06-21T22:14:50.444Z"}
{"adminEmail":"admin@pettag.com","adminId":"69258f21541409d4238bbb4c","ip":"::1","level":"info","message":"Admin action","method":"GET","path":"/users","resourceId":null,"timestamp":"2026-06-21T22:14:50.648Z"}
{"adminEmail":"admin@pettag.com","adminId":"69258f21541409d4238bbb4c","ip":"::1","level":"info","message":"Admin action","method":"GET","path":"/stats","resourceId":null,"timestamp":"2026-06-21T22:14:55.319Z"}
{"adminEmail":"admin@pettag.com","adminId":"69258f21541409d4238bbb4c","ip":"::1","level":"info","message":"Admin action","method":"GET","path":"/stats","resourceId":null,"timestamp":"2026-06-21T22:14:55.607Z"}
{"adminEmail":"admin@pettag.com","adminId":"69258f21541409d4238bbb4c","ip":"::1","level":"info","message":"Admin action","method":"GET","path":"/users","resourceId":null,"timestamp":"2026-06-21T22:15:00.587Z"}
{"adminEmail":"admin@pettag.com","adminId":"69258f21541409d4238bbb4c","ip":"::1","level":"info","message":"Admin action","method":"GET","path":"/users","resourceId":null,"timestamp":"2026-06-21T22:15:00.795Z"}
{"adminEmail":"admin@pettag.com","adminId":"69258f21541409d4238bbb4c","ip":"::1","level":"info","message":"Admin action","method":"GET","path":"/users/693b1206efd51980d64652b2","resourceId":null,"timestamp":"2026-06-21T22:15:08.839Z"}
{"adminEmail":"admin@pettag.com","adminId":"69258f21541409d4238bbb4c","ip":"::1","level":"info","message":"Admin action","method":"GET","path":"/users","resourceId":null,"timestamp":"2026-06-21T22:15:12.129Z"}
{"adminEmail":"admin@pettag.com","adminId":"69258f21541409d4238bbb4c","ip":"::1","level":"info","message":"Admin action","method":"GET","path":"/users","resourceId":null,"timestamp":"2026-06-21T22:15:12.320Z"}
{"adminEmail":"admin@pettag.com","adminId":"69258f21541409d4238bbb4c","ip":"::1","level":"info","message":"Admin action","method":"GET","path":"/users","resourceId":null,"timestamp":"2026-06-21T22:15:12.480Z"}
{"adminEmail":"admin@pettag.com","adminId":"69258f21541409d4238bbb4c","ip":"::1","level":"info","message":"Admin action","method":"GET","path":"/users","resourceId":null,"timestamp":"2026-06-21T22:15:12.623Z"}
{"adminEmail":"admin@pettag.com","adminId":"69258f21541409d4238bbb4c","ip":"::1","level":"info","message":"Admin action","method":"GET","path":"/users","resourceId":null,"timestamp":"2026-06-21T22:15:12.797Z"}
{"adminEmail":"admin@pettag.com","adminId":"69258f21541409d4238bbb4c","ip":"::1","level":"info","message":"Admin action","method":"GET","path":"/pets","resourceId":null,"timestamp":"2026-06-21T22:17:38.325Z"}
{"adminEmail":"admin@pettag.com","adminId":"69258f21541409d4238bbb4c","ip":"::1","level":"info","message":"Admin action","method":"GET","path":"/pets","resourceId":null,"timestamp":"2026-06-21T22:17:38.627Z"}
{"adminEmail":"admin@pettag.com","adminId":"69258f21541409d4238bbb4c","ip":"::1","level":"info","message":"Admin action","method":"GET","path":"/orders","resourceId":null,"timestamp":"2026-06-21T22:17:49.635Z"}
{"adminEmail":"admin@pettag.com","adminId":"69258f21541409d4238bbb4c","ip":"::1","level":"info","message":"Admin action","method":"GET","path":"/orders","resourceId":null,"timestamp":"2026-06-21T22:17:50.021Z"}
{"adminEmail":"admin@pettag.com","adminId":"69258f21541409d4238bbb4c","ip":"::1","level":"info","message":"Admin action","method":"GET","path":"/tags","resourceId":null,"timestamp":"2026-06-21T22:18:00.017Z"}
{"adminEmail":"admin@pettag.com","adminId":"69258f21541409d4238bbb4c","ip":"::1","level":"info","message":"Admin action","method":"GET","path":"/tags","resourceId":null,"timestamp":"2026-06-21T22:18:00.308Z"}
{"adminEmail":"admin@pettag.com","adminId":"69258f21541409d4238bbb4c","ip":"::1","level":"info","message":"Admin action","method":"GET","path":"/analytics/scans","resourceId":null,"timestamp":"2026-06-21T22:18:12.168Z"}
{"adminEmail":"admin@pettag.com","adminId":"69258f21541409d4238bbb4c","ip":"::1","level":"info","message":"Admin action","method":"GET","path":"/analytics/scans","resourceId":null,"timestamp":"2026-06-21T22:18:12.376Z"}
{"adminEmail":"admin@pettag.com","adminId":"69258f21541409d4238bbb4c","ip":"::1","level":"info","message":"Admin action","method":"GET","path":"/orders","resourceId":null,"timestamp":"2026-06-21T22:18:13.835Z"}
{"adminEmail":"admin@pettag.com","adminId":"69258f21541409d4238bbb4c","ip":"::1","level":"info","message":"Admin action","method":"GET","path":"/orders","resourceId":null,"timestamp":"2026-06-21T22:18:14.243Z"}
{"adminEmail":"admin@pettag.com","adminId":"69258f21541409d4238bbb4c","ip":"::1","level":"info","message":"Admin action","method":"GET","path":"/stats","resourceId":null,"timestamp":"2026-06-21T22:28:49.868Z"}
{"adminEmail":"admin@pettag.com","adminId":"69258f21541409d4238bbb4c","ip":"::1","level":"info","message":"Admin action","method":"GET","path":"/stats","resourceId":null,"timestamp":"2026-06-21T22:28:50.161Z"}
{"adminEmail":"admin@pettag.com","adminId":"69258f21541409d4238bbb4c","ip":"::1","level":"info","message":"Admin action","method":"GET","path":"/users","resourceId":null,"timestamp":"2026-06-21T22:28:51.728Z"}
{"adminEmail":"admin@pettag.com","adminId":"69258f21541409d4238bbb4c","ip":"::1","level":"info","message":"Admin action","method":"GET","path":"/users","resourceId":null,"timestamp":"2026-06-21T22:28:51.935Z"}
{"adminEmail":"admin@pettag.com","adminId":"69258f21541409d4238bbb4c","ip":"::1","level":"info","message":"Admin action","method":"GET","path":"/pets","resourceId":null,"timestamp":"2026-06-21T22:28:53.854Z"}
{"adminEmail":"admin@pettag.com","adminId":"69258f21541409d4238bbb4c","ip":"::1","level":"info","message":"Admin action","method":"GET","path":"/pets","resourceId":null,"timestamp":"2026-06-21T22:28:54.165Z"}
{"adminEmail":"admin@pettag.com","adminId":"69258f21541409d4238bbb4c","ip":"::1","level":"info","message":"Admin action","method":"GET","path":"/orders","resourceId":null,"timestamp":"2026-06-21T22:28:55.893Z"}
{"adminEmail":"admin@pettag.com","adminId":"69258f21541409d4238bbb4c","ip":"::1","level":"info","message":"Admin action","method":"GET","path":"/orders","resourceId":null,"timestamp":"2026-06-21T22:28:56.288Z"}
{"adminEmail":"admin@pettag.com","adminId":"69258f21541409d4238bbb4c","ip":"::1","level":"info","message":"Admin action","method":"GET","path":"/tags","resourceId":null,"timestamp":"2026-06-21T22:28:57.679Z"}
{"adminEmail":"admin@pettag.com","adminId":"69258f21541409d4238bbb4c","ip":"::1","level":"info","message":"Admin action","method":"GET","path":"/tags","resourceId":null,"timestamp":"2026-06-21T22:28:57.983Z"}
{"adminEmail":"admin@pettag.com","adminId":"69258f21541409d4238bbb4c","ip":"::1","level":"info","message":"Admin action","method":"GET","path":"/analytics/scans","resourceId":null,"timestamp":"2026-06-21T22:29:07.896Z"}
{"adminEmail":"admin@pettag.com","adminId":"69258f21541409d4238bbb4c","ip":"::1","level":"info","message":"Admin action","method":"GET","path":"/analytics/scans","resourceId":null,"timestamp":"2026-06-21T22:29:08.101Z"}
{"adminEmail":"admin@pettag.com","adminId":"69258f21541409d4238bbb4c","ip":"::1","level":"info","message":"Admin action","method":"GET","path":"/users","resourceId":null,"timestamp":"2026-06-21T22:29:08.962Z"}
{"adminEmail":"admin@pettag.com","adminId":"69258f21541409d4238bbb4c","ip":"::1","level":"info","message":"Admin action","method":"GET","path":"/users","resourceId":null,"timestamp":"2026-06-21T22:29:09.170Z"}
{"adminEmail":"admin@pettag.com","adminId":"69258f21541409d4238bbb4c","ip":"::1","level":"info","message":"Admin action","method":"GET","path":"/users/693b1206efd51980d64652b2","resourceId":null,"timestamp":"2026-06-21T22:29:12.857Z"}
{"adminEmail":"admin@pettag.com","adminId":"69258f21541409d4238bbb4c","ip":"::1","level":"info","message":"Admin action","method":"GET","path":"/stats","resourceId":null,"timestamp":"2026-06-21T22:32:39.201Z"}
{"adminEmail":"admin@pettag.com","adminId":"69258f21541409d4238bbb4c","ip":"::1","level":"info","message":"Admin action","method":"GET","path":"/stats","resourceId":null,"timestamp":"2026-06-21T22:32:39.492Z"}
{"adminEmail":"admin@pettag.com","adminId":"69258f21541409d4238bbb4c","ip":"::1","level":"info","message":"Admin action","method":"GET","path":"/stats","resourceId":null,"timestamp":"2026-06-21T22:50:13.089Z"}
{"adminEmail":"admin@pettag.com","adminId":"69258f21541409d4238bbb4c","ip":"::1","level":"info","message":"Admin action","method":"GET","path":"/stats","resourceId":null,"timestamp":"2026-06-21T22:50:13.380Z"}
{"adminEmail":"admin@pettag.com","adminId":"69258f21541409d4238bbb4c","ip":"::1","level":"info","message":"Admin action","method":"GET","path":"/orders","resourceId":null,"timestamp":"2026-06-21T22:50:26.302Z"}
{"adminEmail":"admin@pettag.com","adminId":"69258f21541409d4238bbb4c","ip":"::1","level":"info","message":"Admin action","method":"GET","path":"/orders","resourceId":null,"timestamp":"2026-06-21T22:50:26.714Z"}
{"adminEmail":"admin@pettag.com","adminId":"69258f21541409d4238bbb4c","ip":"::1","level":"info","message":"Admin action","method":"GET","path":"/tags","resourceId":null,"timestamp":"2026-06-21T22:51:00.115Z"}
{"adminEmail":"admin@pettag.com","adminId":"69258f21541409d4238bbb4c","ip":"::1","level":"info","message":"Admin action","method":"GET","path":"/tags","resourceId":null,"timestamp":"2026-06-21T22:51:00.425Z"}
{"adminEmail":"admin@pettag.com","adminId":"69258f21541409d4238bbb4c","ip":"::1","level":"info","message":"Admin action","method":"GET","path":"/orders","resourceId":null,"timestamp":"2026-06-21T22:51:54.278Z"}
{"adminEmail":"admin@pettag.com","adminId":"69258f21541409d4238bbb4c","ip":"::1","level":"info","message":"Admin action","method":"GET","path":"/orders","resourceId":null,"timestamp":"2026-06-21T22:51:54.663Z"}
{"adminEmail":"admin@pettag.com","adminId":"69258f21541409d4238bbb4c","ip":"::1","level":"info","message":"Admin action","method":"GET","path":"/tags","resourceId":null,"timestamp":"2026-06-21T22:52:00.017Z"}
{"adminEmail":"admin@pettag.com","adminId":"69258f21541409d4238bbb4c","ip":"::1","level":"info","message":"Admin action","method":"GET","path":"/tags","resourceId":null,"timestamp":"2026-06-21T22:52:00.319Z"}
{"adminEmail":"admin@pettag.com","adminId":"69258f21541409d4238bbb4c","ip":"::1","level":"info","message":"Admin action","method":"GET","path":"/pets","resourceId":null,"timestamp":"2026-06-21T22:52:02.019Z"}
{"adminEmail":"admin@pettag.com","adminId":"69258f21541409d4238bbb4c","ip":"::1","level":"info","message":"Admin action","method":"GET","path":"/pets","resourceId":null,"timestamp":"2026-06-21T22:52:02.324Z"}
{"adminEmail":"admin@pettag.com","adminId":"69258f21541409d4238bbb4c","ip":"::1","level":"info","message":"Admin action","method":"GET","path":"/orders","resourceId":null,"timestamp":"2026-06-21T22:52:33.174Z"}
{"adminEmail":"admin@pettag.com","adminId":"69258f21541409d4238bbb4c","ip":"::1","level":"info","message":"Admin action","method":"GET","path":"/orders","resourceId":null,"timestamp":"2026-06-21T22:52:33.557Z"}
{"adminEmail":"admin@pettag.com","adminId":"69258f21541409d4238bbb4c","ip":"::1","level":"info","message":"Admin action","method":"GET","path":"/tags","resourceId":null,"timestamp":"2026-06-21T22:52:38.624Z"}
{"adminEmail":"admin@pettag.com","adminId":"69258f21541409d4238bbb4c","ip":"::1","level":"info","message":"Admin action","method":"GET","path":"/tags","resourceId":null,"timestamp":"2026-06-21T22:52:38.928Z"}
{"adminEmail":"admin@pettag.com","adminId":"69258f21541409d4238bbb4c","ip":"::1","level":"info","message":"Admin action","method":"GET","path":"/users","resourceId":null,"timestamp":"2026-06-21T22:52:44.958Z"}
{"adminEmail":"admin@pettag.com","adminId":"69258f21541409d4238bbb4c","ip":"::1","level":"info","message":"Admin action","method":"GET","path":"/users","resourceId":null,"timestamp":"2026-06-21T22:52:45.165Z"}
{"adminEmail":"admin@pettag.com","adminId":"69258f21541409d4238bbb4c","ip":"::1","level":"info","message":"Admin action","method":"GET","path":"/tags","resourceId":null,"timestamp":"2026-06-21T22:53:05.105Z"}
{"adminEmail":"admin@pettag.com","adminId":"69258f21541409d4238bbb4c","ip":"::1","level":"info","message":"Admin action","method":"GET","path":"/tags","resourceId":null,"timestamp":"2026-06-21T22:53:05.404Z"}
{"adminEmail":"admin@pettag.com","adminId":"69258f21541409d4238bbb4c","ip":"::1","level":"info","message":"Admin action","method":"GET","path":"/users","resourceId":null,"timestamp":"2026-06-21T22:53:12.799Z"}
{"adminEmail":"admin@pettag.com","adminId":"69258f21541409d4238bbb4c","ip":"::1","level":"info","message":"Admin action","method":"GET","path":"/users","resourceId":null,"timestamp":"2026-06-21T22:53:13.007Z"}
{"adminEmail":"admin@pettag.com","adminId":"69258f21541409d4238bbb4c","ip":"::1","level":"info","message":"Admin action","method":"GET","path":"/users/693b1206efd51980d64652b2","resourceId":null,"timestamp":"2026-06-21T22:53:15.641Z"}
{"adminEmail":"admin@pettag.com","adminId":"69258f21541409d4238bbb4c","ip":"::1","level":"info","message":"Admin action","method":"GET","path":"/users/693b1206efd51980d64652b2","resourceId":null,"timestamp":"2026-06-21T22:53:18.228Z"}
{"adminEmail":"admin@pettag.com","adminId":"69258f21541409d4238bbb4c","ip":"::1","level":"info","message":"Admin action","method":"GET","path":"/users/6925909d3d8c9fafa401fa39","resourceId":null,"timestamp":"2026-06-21T22:53:24.733Z"}
{"adminEmail":"admin@pettag.com","adminId":"69258f21541409d4238bbb4c","ip":"::1","level":"info","message":"Admin action","method":"GET","path":"/users/6925909d3d8c9fafa401fa39","resourceId":null,"timestamp":"2026-06-21T22:53:29.096Z"}
{"adminEmail":"admin@pettag.com","adminId":"69258f21541409d4238bbb4c","ip":"::1","level":"info","message":"Admin action","method":"GET","path":"/pets","resourceId":null,"timestamp":"2026-06-21T22:53:35.517Z"}
{"adminEmail":"admin@pettag.com","adminId":"69258f21541409d4238bbb4c","ip":"::1","level":"info","message":"Admin action","method":"GET","path":"/pets","resourceId":null,"timestamp":"2026-06-21T22:53:35.826Z"}
{"adminEmail":"admin@pettag.com","adminId":"69258f21541409d4238bbb4c","ip":"::1","level":"info","message":"Admin action","method":"GET","path":"/users","resourceId":null,"timestamp":"2026-06-21T22:53:40.506Z"}
{"adminEmail":"admin@pettag.com","adminId":"69258f21541409d4238bbb4c","ip":"::1","level":"info","message":"Admin action","method":"GET","path":"/users","resourceId":null,"timestamp":"2026-06-21T22:53:40.712Z"}
{"adminEmail":"admin@pettag.com","adminId":"69258f21541409d4238bbb4c","ip":"::1","level":"info","message":"Admin action","method":"GET","path":"/users/693b1206efd51980d64652b2","resourceId":null,"timestamp":"2026-06-21T22:53:43.035Z"}
{"adminEmail":"admin@pettag.com","adminId":"69258f21541409d4238bbb4c","ip":"::1","level":"info","message":"Admin action","method":"GET","path":"/users/6925909d3d8c9fafa401fa39","resourceId":null,"timestamp":"2026-06-21T22:53:46.604Z"}
{"adminEmail":"admin@pettag.com","adminId":"69258f21541409d4238bbb4c","ip":"::1","level":"info","message":"Admin action","method":"GET","path":"/pets/69258f22541409d4238bbb69","resourceId":null,"timestamp":"2026-06-21T22:53:50.211Z"}
{"adminEmail":"admin@pettag.com","adminId":"69258f21541409d4238bbb4c","ip":"::1","level":"info","message":"Admin action","method":"GET","path":"/pets/69258f22541409d4238bbb69","resourceId":null,"timestamp":"2026-06-21T22:53:50.635Z"}
{"adminEmail":"admin@pettag.com","adminId":"69258f21541409d4238bbb4c","ip":"::1","level":"info","message":"Admin action","method":"GET","path":"/pets","resourceId":null,"timestamp":"2026-06-21T22:54:24.734Z"}
{"adminEmail":"admin@pettag.com","adminId":"69258f21541409d4238bbb4c","ip":"::1","level":"info","message":"Admin action","method":"GET","path":"/pets","resourceId":null,"timestamp":"2026-06-21T22:54:25.046Z"}
{"adminEmail":"admin@pettag.com","adminId":"69258f21541409d4238bbb4c","ip":"::1","level":"info","message":"Admin action","method":"GET","path":"/pets","resourceId":null,"timestamp":"2026-06-21T23:00:08.108Z"}
{"adminEmail":"admin@pettag.com","adminId":"69258f21541409d4238bbb4c","ip":"::1","level":"info","message":"Admin action","method":"GET","path":"/stats","resourceId":null,"timestamp":"2026-06-21T23:00:08.378Z"}
{"adminEmail":"admin@pettag.com","adminId":"69258f21541409d4238bbb4c","ip":"::1","level":"info","message":"Admin action","method":"GET","path":"/pets","resourceId":null,"timestamp":"2026-06-21T23:00:08.402Z"}
{"adminEmail":"admin@pettag.com","adminId":"69258f21541409d4238bbb4c","ip":"::1","level":"info","message":"Admin action","method":"GET","path":"/stats","resourceId":null,"timestamp":"2026-06-21T23:00:08.691Z"}
{"adminEmail":"admin@pettag.com","adminId":"69258f21541409d4238bbb4c","ip":"::1","level":"info","message":"Admin action","method":"GET","path":"/users","resourceId":null,"timestamp":"2026-06-21T23:00:11.532Z"}
{"adminEmail":"admin@pettag.com","adminId":"69258f21541409d4238bbb4c","ip":"::1","level":"info","message":"Admin action","method":"GET","path":"/users","resourceId":null,"timestamp":"2026-06-21T23:00:11.727Z"}
{"adminEmail":"admin@pettag.com","adminId":"69258f21541409d4238bbb4c","ip":"::1","level":"info","message":"Admin action","method":"GET","path":"/pets","resourceId":null,"timestamp":"2026-06-21T23:00:16.316Z"}
{"adminEmail":"admin@pettag.com","adminId":"69258f21541409d4238bbb4c","ip":"::1","level":"info","message":"Admin action","method":"GET","path":"/pets","resourceId":null,"timestamp":"2026-06-21T23:00:16.607Z"}
{"adminEmail":"admin@pettag.com","adminId":"69258f21541409d4238bbb4c","ip":"::1","level":"info","message":"Admin action","method":"GET","path":"/orders","resourceId":null,"timestamp":"2026-06-21T23:00:19.785Z"}
{"adminEmail":"admin@pettag.com","adminId":"69258f21541409d4238bbb4c","ip":"::1","level":"info","message":"Admin action","method":"GET","path":"/orders","resourceId":null,"timestamp":"2026-06-21T23:00:20.175Z"}
{"adminEmail":"admin@pettag.com","adminId":"69258f21541409d4238bbb4c","ip":"::1","level":"info","message":"Admin action","method":"GET","path":"/users","resourceId":null,"timestamp":"2026-06-21T23:00:22.475Z"}
{"adminEmail":"admin@pettag.com","adminId":"69258f21541409d4238bbb4c","ip":"::1","level":"info","message":"Admin action","method":"GET","path":"/users","resourceId":null,"timestamp":"2026-06-21T23:00:22.668Z"}
{"adminEmail":"admin@pettag.com","adminId":"69258f21541409d4238bbb4c","ip":"::1","level":"info","message":"Admin action","method":"GET","path":"/pets","resourceId":null,"timestamp":"2026-06-21T23:00:27.090Z"}
{"adminEmail":"admin@pettag.com","adminId":"69258f21541409d4238bbb4c","ip":"::1","level":"info","message":"Admin action","method":"GET","path":"/pets","resourceId":null,"timestamp":"2026-06-21T23:00:27.383Z"}
{"adminEmail":"admin@pettag.com","adminId":"69258f21541409d4238bbb4c","ip":"::1","level":"info","message":"Admin action","method":"GET","path":"/orders","resourceId":null,"timestamp":"2026-06-21T23:00:29.335Z"}
{"adminEmail":"admin@pettag.com","adminId":"69258f21541409d4238bbb4c","ip":"::1","level":"info","message":"Admin action","method":"GET","path":"/orders","resourceId":null,"timestamp":"2026-06-21T23:00:29.719Z"}
{"adminEmail":"admin@pettag.com","adminId":"69258f21541409d4238bbb4c","ip":"::1","level":"info","message":"Admin action","method":"GET","path":"/tags","resourceId":null,"timestamp":"2026-06-21T23:00:38.081Z"}
{"adminEmail":"admin@pettag.com","adminId":"69258f21541409d4238bbb4c","ip":"::1","level":"info","message":"Admin action","method":"GET","path":"/tags","resourceId":null,"timestamp":"2026-06-21T23:00:38.373Z"}
{"adminEmail":"admin@pettag.com","adminId":"69258f21541409d4238bbb4c","ip":"::1","level":"info","message":"Admin action","method":"GET","path":"/stats","resourceId":null,"timestamp":"2026-06-21T23:42:14.792Z"}
{"adminEmail":"admin@pettag.com","adminId":"69258f21541409d4238bbb4c","ip":"::1","level":"info","message":"Admin action","method":"GET","path":"/stats","resourceId":null,"timestamp":"2026-06-21T23:42:15.085Z"}
{"adminEmail":"admin@pettag.com","adminId":"69258f21541409d4238bbb4c","ip":"::1","level":"info","message":"Admin action","method":"GET","path":"/users","resourceId":null,"timestamp":"2026-06-21T23:42:17.020Z"}
{"adminEmail":"admin@pettag.com","adminId":"69258f21541409d4238bbb4c","ip":"::1","level":"info","message":"Admin action","method":"GET","path":"/users","resourceId":null,"timestamp":"2026-06-21T23:42:17.225Z"}
{"adminEmail":"admin@pettag.com","adminId":"69258f21541409d4238bbb4c","ip":"::1","level":"info","message":"Admin action","method":"GET","path":"/pets","resourceId":null,"timestamp":"2026-06-21T23:42:18.715Z"}
{"adminEmail":"admin@pettag.com","adminId":"69258f21541409d4238bbb4c","ip":"::1","level":"info","message":"Admin action","method":"GET","path":"/pets","resourceId":null,"timestamp":"2026-06-21T23:42:19.024Z"}
{"adminEmail":"admin@pettag.com","adminId":"69258f21541409d4238bbb4c","ip":"::1","level":"info","message":"Admin action","method":"GET","path":"/orders","resourceId":null,"timestamp":"2026-06-21T23:42:27.042Z"}
{"adminEmail":"admin@pettag.com","adminId":"69258f21541409d4238bbb4c","ip":"::1","level":"info","message":"Admin action","method":"GET","path":"/orders","resourceId":null,"timestamp":"2026-06-21T23:42:27.431Z"}
{"adminEmail":"admin@pettag.com","adminId":"69258f21541409d4238bbb4c","ip":"::1","level":"info","message":"Admin action","method":"GET","path":"/tags","resourceId":null,"timestamp":"2026-06-21T23:42:35.757Z"}
{"adminEmail":"admin@pettag.com","adminId":"69258f21541409d4238bbb4c","ip":"::1","level":"info","message":"Admin action","method":"GET","path":"/tags","resourceId":null,"timestamp":"2026-06-21T23:42:36.068Z"}
{"adminEmail":"admin@pettag.com","adminId":"69258f21541409d4238bbb4c","ip":"::1","level":"info","message":"Admin action","method":"GET","path":"/analytics/scans","resourceId":null,"timestamp":"2026-06-21T23:42:38.130Z"}
{"adminEmail":"admin@pettag.com","adminId":"69258f21541409d4238bbb4c","ip":"::1","level":"info","message":"Admin action","method":"GET","path":"/analytics/scans","resourceId":null,"timestamp":"2026-06-21T23:42:38.336Z"}
{"adminEmail":"admin@pettag.com","adminId":"69258f21541409d4238bbb4c","ip":"::1","level":"info","message":"Admin action","method":"GET","path":"/analytics/scans","resourceId":null,"timestamp":"2026-06-21T23:42:56.245Z"}
{"adminEmail":"admin@pettag.com","adminId":"69258f21541409d4238bbb4c","ip":"::1","level":"info","message":"Admin action","method":"GET","path":"/analytics/scans","resourceId":null,"timestamp":"2026-06-21T23:42:57.575Z"}
{"adminEmail":"admin@pettag.com","adminId":"69258f21541409d4238bbb4c","ip":"::1","level":"info","message":"Admin action","method":"GET","path":"/stats","resourceId":null,"timestamp":"2026-06-21T23:42:59.990Z"}
{"adminEmail":"admin@pettag.com","adminId":"69258f21541409d4238bbb4c","ip":"::1","level":"info","message":"Admin action","method":"GET","path":"/stats","resourceId":null,"timestamp":"2026-06-21T23:43:00.279Z"}
{"adminEmail":"admin@pettag.com","adminId":"69258f21541409d4238bbb4c","ip":"::1","level":"info","message":"Admin action","method":"GET","path":"/users","resourceId":null,"timestamp":"2026-06-21T23:43:08.339Z"}
{"adminEmail":"admin@pettag.com","adminId":"69258f21541409d4238bbb4c","ip":"::1","level":"info","message":"Admin action","method":"GET","path":"/users","resourceId":null,"timestamp":"2026-06-21T23:43:08.547Z"}
{"adminEmail":"admin@pettag.com","adminId":"69258f21541409d4238bbb4c","ip":"::1","level":"info","message":"Admin action","method":"GET","path":"/pets","resourceId":null,"timestamp":"2026-06-21T23:43:11.529Z"}
{"adminEmail":"admin@pettag.com","adminId":"69258f21541409d4238bbb4c","ip":"::1","level":"info","message":"Admin action","method":"GET","path":"/pets","resourceId":null,"timestamp":"2026-06-21T23:43:11.834Z"}
{"adminEmail":"admin@pettag.com","adminId":"69258f21541409d4238bbb4c","ip":"::1","level":"info","message":"Admin action","method":"GET","path":"/tags","resourceId":null,"timestamp":"2026-06-21T23:43:16.814Z"}
{"adminEmail":"admin@pettag.com","adminId":"69258f21541409d4238bbb4c","ip":"::1","level":"info","message":"Admin action","method":"GET","path":"/tags","resourceId":null,"timestamp":"2026-06-21T23:43:17.112Z"}
{"adminEmail":"admin@pettag.com","adminId":"69258f21541409d4238bbb4c","ip":"::1","level":"info","message":"Admin action","method":"GET","path":"/orders","resourceId":null,"timestamp":"2026-06-21T23:43:21.107Z"}
{"adminEmail":"admin@pettag.com","adminId":"69258f21541409d4238bbb4c","ip":"::1","level":"info","message":"Admin action","method":"GET","path":"/orders","resourceId":null,"timestamp":"2026-06-21T23:43:21.488Z"}
{"adminEmail":"admin@pettag.com","adminId":"69258f21541409d4238bbb4c","ip":"::1","level":"info","message":"Admin action","method":"GET","path":"/tags","resourceId":null,"timestamp":"2026-06-22T00:15:06.681Z"}
{"adminEmail":"admin@pettag.com","adminId":"69258f21541409d4238bbb4c","ip":"::1","level":"info","message":"Admin action","method":"GET","path":"/stats","resourceId":null,"timestamp":"2026-06-22T00:15:08.821Z"}
{"adminEmail":"admin@pettag.com","adminId":"69258f21541409d4238bbb4c","ip":"::1","level":"info","message":"Admin action","method":"GET","path":"/tags","resourceId":null,"timestamp":"2026-06-22T00:15:09.436Z"}
{"adminEmail":"admin@pettag.com","adminId":"69258f21541409d4238bbb4c","ip":"::1","level":"info","message":"Admin action","method":"GET","path":"/stats","resourceId":null,"timestamp":"2026-06-22T00:15:14.466Z"}
{"adminEmail":"admin@pettag.com","adminId":"69258f21541409d4238bbb4c","ip":"::1","level":"info","message":"Admin action","method":"GET","path":"/users","resourceId":null,"timestamp":"2026-06-22T00:15:16.800Z"}
{"adminEmail":"admin@pettag.com","adminId":"69258f21541409d4238bbb4c","ip":"::1","level":"info","message":"Admin action","method":"GET","path":"/users","resourceId":null,"timestamp":"2026-06-22T00:15:17.323Z"}
{"adminEmail":"admin@pettag.com","adminId":"69258f21541409d4238bbb4c","ip":"::1","level":"info","message":"Admin action","method":"GET","path":"/pets","resourceId":null,"timestamp":"2026-06-22T00:15:20.508Z"}
{"adminEmail":"admin@pettag.com","adminId":"69258f21541409d4238bbb4c","ip":"::1","level":"info","message":"Admin action","method":"GET","path":"/pets","resourceId":null,"timestamp":"2026-06-22T00:15:21.723Z"}
{"adminEmail":"admin@pettag.com","adminId":"69258f21541409d4238bbb4c","ip":"::1","level":"info","message":"Admin action","method":"GET","path":"/users","resourceId":null,"timestamp":"2026-06-22T00:15:23.970Z"}
{"adminEmail":"admin@pettag.com","adminId":"69258f21541409d4238bbb4c","ip":"::1","level":"info","message":"Admin action","method":"GET","path":"/users","resourceId":null,"timestamp":"2026-06-22T00:15:25.513Z"}
{"adminEmail":"admin@pettag.com","adminId":"69258f21541409d4238bbb4c","ip":"::1","level":"info","message":"Admin action","method":"GET","path":"/users/693b1206efd51980d64652b2","resourceId":null,"timestamp":"2026-06-22T00:15:27.772Z"}
{"adminEmail":"admin@pettag.com","adminId":"69258f21541409d4238bbb4c","ip":"::1","level":"info","message":"Admin action","method":"GET","path":"/users/6925909d3d8c9fafa401fa39","resourceId":null,"timestamp":"2026-06-22T00:15:32.493Z"}
{"adminEmail":"admin@pettag.com","adminId":"69258f21541409d4238bbb4c","ip":"::1","level":"info","message":"Admin action","method":"GET","path":"/users/6925909d3d8c9fafa401fa39","resourceId":null,"timestamp":"2026-06-22T00:16:02.895Z"}
{"adminEmail":"admin@pettag.com","adminId":"69258f21541409d4238bbb4c","ip":"::1","level":"info","message":"Admin action","method":"GET","path":"/pets","resourceId":null,"timestamp":"2026-06-22T00:16:10.990Z"}
{"adminEmail":"admin@pettag.com","adminId":"69258f21541409d4238bbb4c","ip":"::1","level":"info","message":"Admin action","method":"GET","path":"/pets","resourceId":null,"timestamp":"2026-06-22T00:16:12.514Z"}
{"adminEmail":"admin@pettag.com","adminId":"69258f21541409d4238bbb4c","ip":"::1","level":"info","message":"Admin action","method":"GET","path":"/users","resourceId":null,"timestamp":"2026-06-22T00:17:41.780Z"}
{"adminEmail":"admin@pettag.com","adminId":"69258f21541409d4238bbb4c","ip":"::1","level":"info","message":"Admin action","method":"GET","path":"/users","resourceId":null,"timestamp":"2026-06-22T00:17:42.068Z"}
{"adminEmail":"admin@pettag.com","adminId":"69258f21541409d4238bbb4c","ip":"::1","level":"info","message":"Admin action","method":"GET","path":"/pets","resourceId":null,"timestamp":"2026-06-22T00:17:46.285Z"}
{"adminEmail":"admin@pettag.com","adminId":"69258f21541409d4238bbb4c","ip":"::1","level":"info","message":"Admin action","method":"GET","path":"/pets","resourceId":null,"timestamp":"2026-06-22T00:17:46.809Z"}
{"adminEmail":"admin@pettag.com","adminId":"69258f21541409d4238bbb4c","ip":"::1","level":"info","message":"Admin action","method":"GET","path":"/orders","resourceId":null,"timestamp":"2026-06-22T00:17:47.737Z"}
{"adminEmail":"admin@pettag.com","adminId":"69258f21541409d4238bbb4c","ip":"::1","level":"info","message":"Admin action","method":"GET","path":"/orders","resourceId":null,"timestamp":"2026-06-22T00:17:48.228Z"}
{"adminEmail":"admin@pettag.com","adminId":"69258f21541409d4238bbb4c","ip":"::1","level":"info","message":"Admin action","method":"GET","path":"/tags","resourceId":null,"timestamp":"2026-06-22T00:17:51.617Z"}
{"adminEmail":"admin@pettag.com","adminId":"69258f21541409d4238bbb4c","ip":"::1","level":"info","message":"Admin action","method":"GET","path":"/tags","resourceId":null,"timestamp":"2026-06-22T00:17:51.928Z"}
{"adminEmail":"admin@pettag.com","adminId":"69258f21541409d4238bbb4c","ip":"::1","level":"info","message":"Admin action","method":"GET","path":"/stats","resourceId":null,"timestamp":"2026-06-22T00:17:54.626Z"}
{"adminEmail":"admin@pettag.com","adminId":"69258f21541409d4238bbb4c","ip":"::1","level":"info","message":"Admin action","method":"GET","path":"/stats","resourceId":null,"timestamp":"2026-06-22T00:17:55.670Z"}
{"adminEmail":"admin@pettag.com","adminId":"69258f21541409d4238bbb4c","ip":"::1","level":"info","message":"Admin action","method":"GET","path":"/analytics/scans","resourceId":null,"timestamp":"2026-06-22T00:18:08.958Z"}
{"adminEmail":"admin@pettag.com","adminId":"69258f21541409d4238bbb4c","ip":"::1","level":"info","message":"Admin action","method":"GET","path":"/analytics/scans","resourceId":null,"timestamp":"2026-06-22T00:18:09.230Z"}
{"adminEmail":"admin@pettag.com","adminId":"69258f21541409d4238bbb4c","ip":"::1","level":"info","message":"Admin action","method":"GET","path":"/orders","resourceId":null,"timestamp":"2026-06-22T00:18:12.216Z"}
{"adminEmail":"admin@pettag.com","adminId":"69258f21541409d4238bbb4c","ip":"::1","level":"info","message":"Admin action","method":"GET","path":"/orders","resourceId":null,"timestamp":"2026-06-22T00:18:12.640Z"}
{"adminEmail":"admin@pettag.com","adminId":"69258f21541409d4238bbb4c","ip":"::1","level":"info","message":"Admin action","method":"GET","path":"/tags","resourceId":null,"timestamp":"2026-06-22T00:19:36.292Z"}
{"adminEmail":"admin@pettag.com","adminId":"69258f21541409d4238bbb4c","ip":"::1","level":"info","message":"Admin action","method":"GET","path":"/tags","resourceId":null,"timestamp":"2026-06-22T00:19:36.605Z"}
{"adminEmail":"admin@pettag.com","adminId":"69258f21541409d4238bbb4c","ip":"::1","level":"info","message":"Admin action","method":"GET","path":"/users","resourceId":null,"timestamp":"2026-06-22T00:21:01.636Z"}
{"adminEmail":"admin@pettag.com","adminId":"69258f21541409d4238bbb4c","ip":"::1","level":"info","message":"Admin action","method":"GET","path":"/users","resourceId":null,"timestamp":"2026-06-22T00:21:01.878Z"}
{"adminEmail":"admin@pettag.com","adminId":"69258f21541409d4238bbb4c","ip":"::1","level":"info","message":"Admin action","method":"GET","path":"/users/693b1206efd51980d64652b2","resourceId":null,"timestamp":"2026-06-22T00:23:20.397Z"}
{"adminEmail":"admin@pettag.com","adminId":"69258f21541409d4238bbb4c","ip":"::1","level":"info","message":"Admin action","method":"GET","path":"/users","resourceId":null,"timestamp":"2026-06-22T00:23:48.848Z"}
{"adminEmail":"admin@pettag.com","adminId":"69258f21541409d4238bbb4c","ip":"::1","level":"info","message":"Admin action","method":"GET","path":"/users","resourceId":null,"timestamp":"2026-06-22T00:23:49.185Z"}
{"adminEmail":"admin@pettag.com","adminId":"69258f21541409d4238bbb4c","ip":"::1","level":"info","message":"Admin action","method":"GET","path":"/users","resourceId":null,"timestamp":"2026-06-22T00:25:41.235Z"}
{"adminEmail":"admin@pettag.com","adminId":"69258f21541409d4238bbb4c","ip":"::1","level":"info","message":"Admin action","method":"GET","path":"/users","resourceId":null,"timestamp":"2026-06-22T00:25:41.470Z"}
{"adminEmail":"admin@pettag.com","adminId":"69258f21541409d4238bbb4c","ip":"::1","level":"info","message":"Admin action","method":"GET","path":"/users/6925909d3d8c9fafa401fa39","resourceId":null,"timestamp":"2026-06-22T00:25:59.087Z"}
{"adminEmail":"admin@pettag.com","adminId":"69258f21541409d4238bbb4c","ip":"::1","level":"info","message":"Admin action","method":"GET","path":"/users/6925909d3d8c9fafa401fa39","resourceId":null,"timestamp":"2026-06-22T00:26:19.444Z"}
{"adminEmail":"admin@pettag.com","adminId":"69258f21541409d4238bbb4c","ip":"::1","level":"info","message":"Admin action","method":"GET","path":"/pets","resourceId":null,"timestamp":"2026-06-22T00:26:30.959Z"}
{"adminEmail":"admin@pettag.com","adminId":"69258f21541409d4238bbb4c","ip":"::1","level":"info","message":"Admin action","method":"GET","path":"/pets","resourceId":null,"timestamp":"2026-06-22T00:26:31.396Z"}
{"adminEmail":"admin@pettag.com","adminId":"69258f21541409d4238bbb4c","ip":"::1","level":"info","message":"Admin action","method":"GET","path":"/pets","resourceId":null,"timestamp":"2026-06-22T00:26:37.161Z"}
{"adminEmail":"admin@pettag.com","adminId":"69258f21541409d4238bbb4c","ip":"::1","level":"info","message":"Admin action","method":"GET","path":"/pets","resourceId":null,"timestamp":"2026-06-22T00:26:37.597Z"}
{"adminEmail":"admin@pettag.com","adminId":"69258f21541409d4238bbb4c","ip":"::1","level":"info","message":"Admin action","method":"GET","path":"/tags","resourceId":null,"timestamp":"2026-06-22T00:26:44.420Z"}
{"adminEmail":"admin@pettag.com","adminId":"69258f21541409d4238bbb4c","ip":"::1","level":"info","message":"Admin action","method":"GET","path":"/tags","resourceId":null,"timestamp":"2026-06-22T00:26:44.736Z"}
{"adminEmail":"admin@pettag.com","adminId":"69258f21541409d4238bbb4c","ip":"::1","level":"info","message":"Admin action","method":"GET","path":"/pets","resourceId":null,"timestamp":"2026-06-22T00:31:04.629Z"}
{"adminEmail":"admin@pettag.com","adminId":"69258f21541409d4238bbb4c","ip":"::1","level":"info","message":"Admin action","method":"GET","path":"/stats","resourceId":null,"timestamp":"2026-06-22T00:31:04.968Z"}
{"adminEmail":"admin@pettag.com","adminId":"69258f21541409d4238bbb4c","ip":"::1","level":"info","message":"Admin action","method":"GET","path":"/pets","resourceId":null,"timestamp":"2026-06-22T00:31:05.043Z"}
{"adminEmail":"admin@pettag.com","adminId":"69258f21541409d4238bbb4c","ip":"::1","level":"info","message":"Admin action","method":"GET","path":"/stats","resourceId":null,"timestamp":"2026-06-22T00:31:07.032Z"}
{"adminEmail":"admin@pettag.com","adminId":"69258f21541409d4238bbb4c","ip":"::1","level":"info","message":"Admin action","method":"GET","path":"/orders","resourceId":null,"timestamp":"2026-06-22T00:31:11.349Z"}
{"adminEmail":"admin@pettag.com","adminId":"69258f21541409d4238bbb4c","ip":"::1","level":"info","message":"Admin action","method":"GET","path":"/orders","resourceId":null,"timestamp":"2026-06-22T00:31:11.866Z"}
{"adminEmail":"admin@pettag.com","adminId":"69258f21541409d4238bbb4c","ip":"::1","level":"info","message":"Admin action","method":"GET","path":"/stats","resourceId":null,"timestamp":"2026-06-22T02:36:31.941Z"}
{"adminEmail":"admin@pettag.com","adminId":"69258f21541409d4238bbb4c","ip":"::1","level":"info","message":"Admin action","method":"GET","path":"/stats","resourceId":null,"timestamp":"2026-06-22T02:36:34.072Z"}
{"adminEmail":"admin@pettag.com","adminId":"69258f21541409d4238bbb4c","ip":"::1","level":"info","message":"Admin action","method":"GET","path":"/orders","resourceId":null,"timestamp":"2026-06-22T02:36:35.162Z"}
{"adminEmail":"admin@pettag.com","adminId":"69258f21541409d4238bbb4c","ip":"::1","level":"info","message":"Admin action","method":"GET","path":"/orders","resourceId":null,"timestamp":"2026-06-22T02:36:35.556Z"}
{"adminEmail":"admin@pettag.com","adminId":"69258f21541409d4238bbb4c","ip":"::1","level":"info","message":"Admin action","method":"GET","path":"/orders/6a389db1698188e2d188ed6d","resourceId":null,"timestamp":"2026-06-22T02:36:37.495Z"}
{"adminEmail":"admin@pettag.com","adminId":"69258f21541409d4238bbb4c","ip":"::1","level":"info","message":"Admin action","method":"GET","path":"/products","resourceId":null,"timestamp":"2026-06-22T02:37:28.410Z"}
{"adminEmail":"admin@pettag.com","adminId":"69258f21541409d4238bbb4c","ip":"::1","level":"info","message":"Admin action","method":"GET","path":"/products","resourceId":null,"timestamp":"2026-06-22T02:37:28.705Z"}
{"adminEmail":"admin@pettag.com","adminId":"69258f21541409d4238bbb4c","ip":"::1","level":"info","message":"Admin action","method":"GET","path":"/orders","resourceId":null,"timestamp":"2026-06-22T02:44:56.953Z"}
{"adminEmail":"admin@pettag.com","adminId":"69258f21541409d4238bbb4c","ip":"::1","level":"info","message":"Admin action","method":"GET","path":"/stats","resourceId":null,"timestamp":"2026-06-22T02:44:57.228Z"}
{"adminEmail":"admin@pettag.com","adminId":"69258f21541409d4238bbb4c","ip":"::1","level":"info","message":"Admin action","method":"GET","path":"/orders","resourceId":null,"timestamp":"2026-06-22T02:44:57.423Z"}
{"adminEmail":"admin@pettag.com","adminId":"69258f21541409d4238bbb4c","ip":"::1","level":"info","message":"Admin action","method":"GET","path":"/stats","resourceId":null,"timestamp":"2026-06-22T02:44:58.140Z"}
{"adminEmail":"admin@pettag.com","adminId":"69258f21541409d4238bbb4c","ip":"::1","level":"info","message":"Admin action","method":"GET","path":"/orders","resourceId":null,"timestamp":"2026-06-22T02:45:00.208Z"}
{"adminEmail":"admin@pettag.com","adminId":"69258f21541409d4238bbb4c","ip":"::1","level":"info","message":"Admin action","method":"GET","path":"/orders","resourceId":null,"timestamp":"2026-06-22T02:45:00.675Z"}
{"adminEmail":"admin@pettag.com","adminId":"69258f21541409d4238bbb4c","ip":"::1","level":"info","message":"Admin action","method":"GET","path":"/orders/6a38a180698188e2d188ef01","resourceId":null,"timestamp":"2026-06-22T02:45:01.761Z"}
{"adminEmail":"admin@pettag.com","adminId":"69258f21541409d4238bbb4c","ip":"::1","level":"info","message":"Admin action","method":"GET","path":"/orders/6a389db1698188e2d188ed6d","resourceId":null,"timestamp":"2026-06-22T02:47:40.755Z"}
{"adminEmail":"admin@pettag.com","adminId":"69258f21541409d4238bbb4c","ip":"::1","level":"info","message":"Admin action","method":"GET","path":"/orders/6a389db1698188e2d188ed6d","resourceId":null,"timestamp":"2026-06-22T02:47:41.379Z"}
{"adminEmail":"admin@pettag.com","adminId":"69258f21541409d4238bbb4c","ip":"::1","level":"info","message":"Admin action","method":"GET","path":"/orders/6a3882cf6ed000db4cbb729d","resourceId":null,"timestamp":"2026-06-22T02:47:42.441Z"}
{"adminEmail":"admin@pettag.com","adminId":"69258f21541409d4238bbb4c","ip":"::1","level":"info","message":"Admin action","method":"GET","path":"/orders/6a387ad36ed000db4cbb70bd","resourceId":null,"timestamp":"2026-06-22T02:47:43.315Z"}
{"adminEmail":"admin@pettag.com","adminId":"69258f21541409d4238bbb4c","ip":"::1","level":"info","message":"Admin action","method":"GET","path":"/orders/69aa7d59c20e6a2641cc2adb","resourceId":null,"timestamp":"2026-06-22T02:47:44.426Z"}
{"adminEmail":"admin@pettag.com","adminId":"69258f21541409d4238bbb4c","ip":"::1","level":"info","message":"Admin action","method":"GET","path":"/orders/69aa7311c20e6a2641cc2a5e","resourceId":null,"timestamp":"2026-06-22T02:47:45.295Z"}
{"adminEmail":"admin@pettag.com","adminId":"69258f21541409d4238bbb4c","ip":"::1","level":"info","message":"Admin action","method":"GET","path":"/orders/69a9de5b05226a355b67cdca","resourceId":null,"timestamp":"2026-06-22T02:47:46.211Z"}
{"adminEmail":"admin@pettag.com","adminId":"69258f21541409d4238bbb4c","ip":"::1","level":"info","message":"Admin action","method":"GET","path":"/orders/6953059d78da538fc545357a","resourceId":null,"timestamp":"2026-06-22T02:47:46.960Z"}
{"adminEmail":"admin@pettag.com","adminId":"69258f21541409d4238bbb4c","ip":"::1","level":"info","message":"Admin action","method":"GET","path":"/orders/695281f3abe7ee385573ae4d","resourceId":null,"timestamp":"2026-06-22T02:47:47.944Z"}
{"adminEmail":"admin@pettag.com","adminId":"69258f21541409d4238bbb4c","ip":"::1","level":"info","message":"Admin action","method":"GET","path":"/orders/69526ae3e78e480a0e91dfae","resourceId":null,"timestamp":"2026-06-22T02:47:49.187Z"}
{"adminEmail":"admin@pettag.com","adminId":"69258f21541409d4238bbb4c","ip":"::1","level":"info","message":"Admin action","method":"GET","path":"/orders/69526a41e78e480a0e91df90","resourceId":null,"timestamp":"2026-06-22T02:47:49.925Z"}
{"adminEmail":"admin@pettag.com","adminId":"69258f21541409d4238bbb4c","ip":"::1","level":"info","message":"Admin action","method":"GET","path":"/orders/693c01f548df6eb8d914037d","resourceId":null,"timestamp":"2026-06-22T02:47:51.422Z"}
{"adminEmail":"admin@pettag.com","adminId":"69258f21541409d4238bbb4c","ip":"::1","level":"info","message":"Admin action","method":"GET","path":"/orders/693c01f148df6eb8d9140306","resourceId":null,"timestamp":"2026-06-22T02:47:52.856Z"}
{"adminEmail":"admin@pettag.com","adminId":"69258f21541409d4238bbb4c","ip":"::1","level":"info","message":"Admin action","method":"GET","path":"/tags","resourceId":null,"timestamp":"2026-06-22T02:48:02.175Z"}
{"adminEmail":"admin@pettag.com","adminId":"69258f21541409d4238bbb4c","ip":"::1","level":"info","message":"Admin action","method":"GET","path":"/tags","resourceId":null,"timestamp":"2026-06-22T02:48:02.532Z"}
{"adminEmail":"admin@pettag.com","adminId":"69258f21541409d4238bbb4c","ip":"::1","level":"info","message":"Admin action","method":"GET","path":"/products","resourceId":null,"timestamp":"2026-06-22T02:48:20.617Z"}
{"adminEmail":"admin@pettag.com","adminId":"69258f21541409d4238bbb4c","ip":"::1","level":"info","message":"Admin action","method":"GET","path":"/products","resourceId":null,"timestamp":"2026-06-22T02:48:20.976Z"}
{"adminEmail":"admin@pettag.com","adminId":"69258f21541409d4238bbb4c","ip":"::1","level":"info","message":"Admin action","method":"GET","path":"/analytics/scans","resourceId":null,"timestamp":"2026-06-22T02:49:19.418Z"}
{"adminEmail":"admin@pettag.com","adminId":"69258f21541409d4238bbb4c","ip":"::1","level":"info","message":"Admin action","method":"GET","path":"/analytics/scans","resourceId":null,"timestamp":"2026-06-22T02:49:19.654Z"}
{"adminEmail":"admin@pettag.com","adminId":"69258f21541409d4238bbb4c","ip":"::1","level":"info","message":"Admin action","method":"GET","path":"/users","resourceId":null,"timestamp":"2026-06-22T02:49:23.797Z"}
{"adminEmail":"admin@pettag.com","adminId":"69258f21541409d4238bbb4c","ip":"::1","level":"info","message":"Admin action","method":"GET","path":"/users","resourceId":null,"timestamp":"2026-06-22T02:49:24.032Z"}
{"adminEmail":"admin@pettag.com","adminId":"69258f21541409d4238bbb4c","ip":"::1","level":"info","message":"Admin action","method":"GET","path":"/orders","resourceId":null,"timestamp":"2026-06-22T02:50:04.601Z"}
{"adminEmail":"admin@pettag.com","adminId":"69258f21541409d4238bbb4c","ip":"::1","level":"info","message":"Admin action","method":"GET","path":"/orders","resourceId":null,"timestamp":"2026-06-22T02:50:05.079Z"}
{"adminEmail":"admin@pettag.com","adminId":"69258f21541409d4238bbb4c","ip":"::1","level":"info","message":"Admin action","method":"GET","path":"/products","resourceId":null,"timestamp":"2026-06-22T02:50:09.058Z"}
{"adminEmail":"admin@pettag.com","adminId":"69258f21541409d4238bbb4c","ip":"::1","level":"info","message":"Admin action","method":"GET","path":"/products","resourceId":null,"timestamp":"2026-06-22T02:50:09.409Z"}
{"adminEmail":"admin@pettag.com","adminId":"69258f21541409d4238bbb4c","ip":"::1","level":"info","message":"Admin action","method":"GET","path":"/products","resourceId":null,"timestamp":"2026-06-22T02:50:24.070Z"}
{"adminEmail":"admin@pettag.com","adminId":"69258f21541409d4238bbb4c","ip":"::1","level":"info","message":"Admin action","method":"GET","path":"/products","resourceId":null,"timestamp":"2026-06-22T02:50:27.599Z"}
{"adminEmail":"admin@pettag.com","adminId":"69258f21541409d4238bbb4c","ip":"::1","level":"info","message":"Admin action","method":"GET","path":"/products","resourceId":null,"timestamp":"2026-06-22T02:50:29.744Z"}
{"adminEmail":"admin@pettag.com","adminId":"69258f21541409d4238bbb4c","ip":"::1","level":"info","message":"Admin action","method":"GET","path":"/analytics/scans","resourceId":null,"timestamp":"2026-06-22T02:50:31.928Z"}
{"adminEmail":"admin@pettag.com","adminId":"69258f21541409d4238bbb4c","ip":"::1","level":"info","message":"Admin action","method":"GET","path":"/analytics/scans","resourceId":null,"timestamp":"2026-06-22T02:50:32.162Z"}
{"adminEmail":"admin@pettag.com","adminId":"69258f21541409d4238bbb4c","ip":"::1","level":"info","message":"Admin action","method":"GET","path":"/stats","resourceId":null,"timestamp":"2026-06-22T02:50:32.989Z"}
{"adminEmail":"admin@pettag.com","adminId":"69258f21541409d4238bbb4c","ip":"::1","level":"info","message":"Admin action","method":"GET","path":"/stats","resourceId":null,"timestamp":"2026-06-22T02:50:33.283Z"}
{"adminEmail":"admin@pettag.com","adminId":"69258f21541409d4238bbb4c","ip":"::1","level":"info","message":"Admin action","method":"GET","path":"/analytics/scans","resourceId":null,"timestamp":"2026-06-22T02:51:38.779Z"}
{"adminEmail":"admin@pettag.com","adminId":"69258f21541409d4238bbb4c","ip":"::1","level":"info","message":"Admin action","method":"GET","path":"/analytics/scans","resourceId":null,"timestamp":"2026-06-22T02:51:39.015Z"}
{"adminEmail":"admin@pettag.com","adminId":"69258f21541409d4238bbb4c","ip":"::1","level":"info","message":"Admin action","method":"GET","path":"/users","resourceId":null,"timestamp":"2026-06-22T02:51:56.611Z"}
{"adminEmail":"admin@pettag.com","adminId":"69258f21541409d4238bbb4c","ip":"::1","level":"info","message":"Admin action","method":"GET","path":"/users","resourceId":null,"timestamp":"2026-06-22T02:51:56.844Z"}
{"adminEmail":"admin@pettag.com","adminId":"69258f21541409d4238bbb4c","ip":"::1","level":"info","message":"Admin action","method":"GET","path":"/stats","resourceId":null,"timestamp":"2026-06-22T02:51:58.981Z"}
{"adminEmail":"admin@pettag.com","adminId":"69258f21541409d4238bbb4c","ip":"::1","level":"info","message":"Admin action","method":"GET","path":"/stats","resourceId":null,"timestamp":"2026-06-22T02:51:59.290Z"}
{"adminEmail":"admin@pettag.com","adminId":"69258f21541409d4238bbb4c","ip":"::1","level":"info","message":"Admin action","method":"GET","path":"/orders","resourceId":null,"timestamp":"2026-06-22T02:52:03.904Z"}
{"adminEmail":"admin@pettag.com","adminId":"69258f21541409d4238bbb4c","ip":"::1","level":"info","message":"Admin action","method":"GET","path":"/orders","resourceId":null,"timestamp":"2026-06-22T02:52:04.371Z"}
{"adminEmail":"admin@pettag.com","adminId":"69258f21541409d4238bbb4c","ip":"::1","level":"info","message":"Admin action","method":"GET","path":"/tags","resourceId":null,"timestamp":"2026-06-22T02:52:05.423Z"}
{"adminEmail":"admin@pettag.com","adminId":"69258f21541409d4238bbb4c","ip":"::1","level":"info","message":"Admin action","method":"GET","path":"/tags","resourceId":null,"timestamp":"2026-06-22T02:52:05.774Z"}
{"adminEmail":"admin@pettag.com","adminId":"69258f21541409d4238bbb4c","ip":"::1","level":"info","message":"Admin action","method":"GET","path":"/products","resourceId":null,"timestamp":"2026-06-22T02:52:07.016Z"}
{"adminEmail":"admin@pettag.com","adminId":"69258f21541409d4238bbb4c","ip":"::1","level":"info","message":"Admin action","method":"GET","path":"/products","resourceId":null,"timestamp":"2026-06-22T02:52:07.371Z"}
{"adminEmail":"admin@pettag.com","adminId":"69258f21541409d4238bbb4c","ip":"::1","level":"info","message":"Admin action","method":"GET","path":"/analytics/scans","resourceId":null,"timestamp":"2026-06-22T02:52:11.454Z"}
{"adminEmail":"admin@pettag.com","adminId":"69258f21541409d4238bbb4c","ip":"::1","level":"info","message":"Admin action","method":"GET","path":"/analytics/scans","resourceId":null,"timestamp":"2026-06-22T02:52:11.688Z"}
{"adminEmail":"admin@pettag.com","adminId":"69258f21541409d4238bbb4c","ip":"::1","level":"info","message":"Admin action","method":"GET","path":"/stats","resourceId":null,"timestamp":"2026-06-22T02:58:29.594Z"}
{"adminEmail":"admin@pettag.com","adminId":"69258f21541409d4238bbb4c","ip":"::1","level":"info","message":"Admin action","method":"GET","path":"/stats","resourceId":null,"timestamp":"2026-06-22T02:58:29.888Z"}
{"adminEmail":"admin@pettag.com","adminId":"69258f21541409d4238bbb4c","ip":"::1","level":"info","message":"Admin action","method":"GET","path":"/stats","resourceId":null,"timestamp":"2026-06-22T03:07:27.499Z"}
{"adminEmail":"admin@pettag.com","adminId":"69258f21541409d4238bbb4c","ip":"::1","level":"info","message":"Admin action","method":"GET","path":"/stats","resourceId":null,"timestamp":"2026-06-22T03:07:28.913Z"}
{"adminEmail":"admin@pettag.com","adminId":"69258f21541409d4238bbb4c","ip":"::1","level":"info","message":"Admin action","method":"GET","path":"/stats","resourceId":null,"timestamp":"2026-06-22T03:07:29.223Z"}
{"adminEmail":"admin@pettag.com","adminId":"69258f21541409d4238bbb4c","ip":"::1","level":"info","message":"Admin action","method":"GET","path":"/stats","resourceId":null,"timestamp":"2026-06-22T03:10:34.706Z"}
{"adminEmail":"admin@pettag.com","adminId":"69258f21541409d4238bbb4c","ip":"::1","level":"info","message":"Admin action","method":"GET","path":"/stats","resourceId":null,"timestamp":"2026-06-22T03:10:35.010Z"}
{"adminEmail":"admin@pettag.com","adminId":"69258f21541409d4238bbb4c","ip":"::1","level":"info","message":"Admin action","method":"GET","path":"/users","resourceId":null,"timestamp":"2026-06-22T03:10:39.517Z"}
{"adminEmail":"admin@pettag.com","adminId":"69258f21541409d4238bbb4c","ip":"::1","level":"info","message":"Admin action","method":"GET","path":"/users","resourceId":null,"timestamp":"2026-06-22T03:10:39.750Z"}
{"adminEmail":"admin@pettag.com","adminId":"69258f21541409d4238bbb4c","ip":"::1","level":"info","message":"Admin action","method":"GET","path":"/pets","resourceId":null,"timestamp":"2026-06-22T03:10:44.411Z"}
{"adminEmail":"admin@pettag.com","adminId":"69258f21541409d4238bbb4c","ip":"::1","level":"info","message":"Admin action","method":"GET","path":"/pets","resourceId":null,"timestamp":"2026-06-22T03:10:44.760Z"}
{"adminEmail":"admin@pettag.com","adminId":"69258f21541409d4238bbb4c","ip":"::1","level":"info","message":"Admin action","method":"GET","path":"/orders","resourceId":null,"timestamp":"2026-06-22T03:11:11.661Z"}
{"adminEmail":"admin@pettag.com","adminId":"69258f21541409d4238bbb4c","ip":"::1","level":"info","message":"Admin action","method":"GET","path":"/orders","resourceId":null,"timestamp":"2026-06-22T03:11:12.059Z"}
{"adminEmail":"admin@pettag.com","adminId":"69258f21541409d4238bbb4c","ip":"::1","level":"info","message":"Admin action","method":"GET","path":"/orders/6a38a180698188e2d188ef01","resourceId":null,"timestamp":"2026-06-22T03:11:13.273Z"}
{"adminEmail":"admin@pettag.com","adminId":"69258f21541409d4238bbb4c","ip":"::1","level":"info","message":"Admin action","method":"GET","path":"/stats","resourceId":null,"timestamp":"2026-06-22T03:23:45.908Z"}
{"adminEmail":"admin@pettag.com","adminId":"69258f21541409d4238bbb4c","ip":"::1","level":"info","message":"Admin action","method":"GET","path":"/stats","resourceId":null,"timestamp":"2026-06-22T03:23:46.268Z"}
{"adminEmail":"admin@pettag.com","adminId":"69258f21541409d4238bbb4c","ip":"::1","level":"info","message":"Admin action","method":"GET","path":"/users","resourceId":null,"timestamp":"2026-06-22T03:25:15.786Z"}
{"adminEmail":"admin@pettag.com","adminId":"69258f21541409d4238bbb4c","ip":"::1","level":"info","message":"Admin action","method":"GET","path":"/users","resourceId":null,"timestamp":"2026-06-22T03:25:16.020Z"}
{"adminEmail":"admin@pettag.com","adminId":"69258f21541409d4238bbb4c","ip":"::1","level":"info","message":"Admin action","method":"GET","path":"/users/693b1206efd51980d64652b2","resourceId":null,"timestamp":"2026-06-22T03:27:05.596Z"}
{"adminEmail":"admin@pettag.com","adminId":"69258f21541409d4238bbb4c","ip":"::1","level":"info","message":"Admin action","method":"GET","path":"/users/6925909d3d8c9fafa401fa39","resourceId":null,"timestamp":"2026-06-22T03:27:16.191Z"}
{"adminEmail":"admin@pettag.com","adminId":"69258f21541409d4238bbb4c","ip":"::1","level":"info","message":"Admin action","method":"GET","path":"/pets","resourceId":null,"timestamp":"2026-06-22T03:27:59.855Z"}
{"adminEmail":"admin@pettag.com","adminId":"69258f21541409d4238bbb4c","ip":"::1","level":"info","message":"Admin action","method":"GET","path":"/pets","resourceId":null,"timestamp":"2026-06-22T03:28:00.164Z"}
{"adminEmail":"admin@pettag.com","adminId":"69258f21541409d4238bbb4c","ip":"::1","level":"info","message":"Admin action","method":"GET","path":"/orders","resourceId":null,"timestamp":"2026-06-22T03:29:46.513Z"}
{"adminEmail":"admin@pettag.com","adminId":"69258f21541409d4238bbb4c","ip":"::1","level":"info","message":"Admin action","method":"GET","path":"/orders","resourceId":null,"timestamp":"2026-06-22T03:29:46.906Z"}
{"adminEmail":"admin@pettag.com","adminId":"69258f21541409d4238bbb4c","ip":"::1","level":"info","message":"Admin action","method":"GET","path":"/tags","resourceId":null,"timestamp":"2026-06-22T03:30:52.138Z"}
{"adminEmail":"admin@pettag.com","adminId":"69258f21541409d4238bbb4c","ip":"::1","level":"info","message":"Admin action","method":"GET","path":"/tags","resourceId":null,"timestamp":"2026-06-22T03:30:52.473Z"}
{"adminEmail":"admin@pettag.com","adminId":"69258f21541409d4238bbb4c","ip":"::1","level":"info","message":"Admin action","method":"GET","path":"/products","resourceId":null,"timestamp":"2026-06-22T03:31:26.020Z"}
{"adminEmail":"admin@pettag.com","adminId":"69258f21541409d4238bbb4c","ip":"::1","level":"info","message":"Admin action","method":"GET","path":"/products","resourceId":null,"timestamp":"2026-06-22T03:31:26.341Z"}
{"adminEmail":"admin@pettag.com","adminId":"69258f21541409d4238bbb4c","ip":"::1","level":"info","message":"Admin action","method":"GET","path":"/tags","resourceId":null,"timestamp":"2026-06-22T03:31:54.905Z"}
{"adminEmail":"admin@pettag.com","adminId":"69258f21541409d4238bbb4c","ip":"::1","level":"info","message":"Admin action","method":"GET","path":"/tags","resourceId":null,"timestamp":"2026-06-22T03:31:55.245Z"}
{"adminEmail":"admin@pettag.com","adminId":"69258f21541409d4238bbb4c","ip":"::1","level":"info","message":"Admin action","method":"GET","path":"/orders","resourceId":null,"timestamp":"2026-06-22T03:32:20.221Z"}
{"adminEmail":"admin@pettag.com","adminId":"69258f21541409d4238bbb4c","ip":"::1","level":"info","message":"Admin action","method":"GET","path":"/orders","resourceId":null,"timestamp":"2026-06-22T03:32:20.640Z"}
{"adminEmail":"admin@pettag.com","adminId":"69258f21541409d4238bbb4c","ip":"::1","level":"info","message":"Admin action","method":"GET","path":"/pets","resourceId":null,"timestamp":"2026-06-22T03:32:59.588Z"}
{"adminEmail":"admin@pettag.com","adminId":"69258f21541409d4238bbb4c","ip":"::1","level":"info","message":"Admin action","method":"GET","path":"/pets","resourceId":null,"timestamp":"2026-06-22T03:32:59.906Z"}
{"adminEmail":"admin@pettag.com","adminId":"69258f21541409d4238bbb4c","ip":"::1","level":"info","message":"Admin action","method":"GET","path":"/users","resourceId":null,"timestamp":"2026-06-22T03:33:52.361Z"}
{"adminEmail":"admin@pettag.com","adminId":"69258f21541409d4238bbb4c","ip":"::1","level":"info","message":"Admin action","method":"GET","path":"/users","resourceId":null,"timestamp":"2026-06-22T03:33:52.595Z"}
{"adminEmail":"admin@pettag.com","adminId":"69258f21541409d4238bbb4c","ip":"::1","level":"info","message":"Admin action","method":"GET","path":"/stats","resourceId":null,"timestamp":"2026-06-22T03:46:47.252Z"}
{"adminEmail":"admin@pettag.com","adminId":"69258f21541409d4238bbb4c","ip":"::1","level":"info","message":"Admin action","method":"GET","path":"/stats","resourceId":null,"timestamp":"2026-06-22T03:46:47.552Z"}
{"adminEmail":"admin@pettag.com","adminId":"69258f21541409d4238bbb4c","ip":"::1","level":"info","message":"Admin action","method":"GET","path":"/users","resourceId":null,"timestamp":"2026-06-22T03:46:58.532Z"}
{"adminEmail":"admin@pettag.com","adminId":"69258f21541409d4238bbb4c","ip":"::1","level":"info","message":"Admin action","method":"GET","path":"/users","resourceId":null,"timestamp":"2026-06-22T03:46:58.767Z"}
{"adminEmail":"admin@pettag.com","adminId":"69258f21541409d4238bbb4c","ip":"::1","level":"info","message":"Admin action","method":"GET","path":"/pets","resourceId":null,"timestamp":"2026-06-22T03:47:00.933Z"}
{"adminEmail":"admin@pettag.com","adminId":"69258f21541409d4238bbb4c","ip":"::1","level":"info","message":"Admin action","method":"GET","path":"/pets","resourceId":null,"timestamp":"2026-06-22T03:47:01.272Z"}
{"adminEmail":"admin@pettag.com","adminId":"69258f21541409d4238bbb4c","ip":"::1","level":"info","message":"Admin action","method":"GET","path":"/orders","resourceId":null,"timestamp":"2026-06-22T03:47:07.456Z"}
{"adminEmail":"admin@pettag.com","adminId":"69258f21541409d4238bbb4c","ip":"::1","level":"info","message":"Admin action","method":"GET","path":"/orders","resourceId":null,"timestamp":"2026-06-22T03:47:07.851Z"}
{"adminEmail":"admin@pettag.com","adminId":"69258f21541409d4238bbb4c","ip":"::1","level":"info","message":"Admin action","method":"GET","path":"/tags","resourceId":null,"timestamp":"2026-06-22T03:47:14.744Z"}
{"adminEmail":"admin@pettag.com","adminId":"69258f21541409d4238bbb4c","ip":"::1","level":"info","message":"Admin action","method":"GET","path":"/tags","resourceId":null,"timestamp":"2026-06-22T03:47:15.079Z"}
{"adminEmail":"admin@pettag.com","adminId":"69258f21541409d4238bbb4c","ip":"::1","level":"info","message":"Admin action","method":"GET","path":"/products","resourceId":null,"timestamp":"2026-06-22T03:47:18.173Z"}
{"adminEmail":"admin@pettag.com","adminId":"69258f21541409d4238bbb4c","ip":"::1","level":"info","message":"Admin action","method":"GET","path":"/products","resourceId":null,"timestamp":"2026-06-22T03:47:18.523Z"}
{"adminEmail":"admin@pettag.com","adminId":"69258f21541409d4238bbb4c","ip":"::1","level":"info","message":"Admin action","method":"GET","path":"/analytics/scans","resourceId":null,"timestamp":"2026-06-22T03:47:22.901Z"}
{"adminEmail":"admin@pettag.com","adminId":"69258f21541409d4238bbb4c","ip":"::1","level":"info","message":"Admin action","method":"GET","path":"/analytics/scans","resourceId":null,"timestamp":"2026-06-22T03:47:23.136Z"}
{"adminEmail":"admin@pettag.com","adminId":"69258f21541409d4238bbb4c","ip":"::1","level":"info","message":"Admin action","method":"GET","path":"/analytics/scans","resourceId":null,"timestamp":"2026-06-22T03:47:31.389Z"}
{"adminEmail":"admin@pettag.com","adminId":"69258f21541409d4238bbb4c","ip":"::1","level":"info","message":"Admin action","method":"GET","path":"/analytics/scans","resourceId":null,"timestamp":"2026-06-22T03:47:32.556Z"}
{"adminEmail":"admin@pettag.com","adminId":"69258f21541409d4238bbb4c","ip":"::1","level":"info","message":"Admin action","method":"GET","path":"/analytics/scans","resourceId":null,"timestamp":"2026-06-22T03:47:33.525Z"}
{"adminEmail":"admin@pettag.com","adminId":"69258f21541409d4238bbb4c","ip":"::1","level":"info","message":"Admin action","method":"GET","path":"/stats","resourceId":null,"timestamp":"2026-06-22T03:47:39.428Z"}
{"adminEmail":"admin@pettag.com","adminId":"69258f21541409d4238bbb4c","ip":"::1","level":"info","message":"Admin action","method":"GET","path":"/stats","resourceId":null,"timestamp":"2026-06-22T03:47:39.726Z"}
{"adminEmail":"admin@pettag.com","adminId":"69258f21541409d4238bbb4c","ip":"::1","level":"info","message":"Admin action","method":"GET","path":"/users","resourceId":null,"timestamp":"2026-06-22T03:47:49.333Z"}
{"adminEmail":"admin@pettag.com","adminId":"69258f21541409d4238bbb4c","ip":"::1","level":"info","message":"Admin action","method":"GET","path":"/users","resourceId":null,"timestamp":"2026-06-22T03:47:49.575Z"}
{"adminEmail":"admin@pettag.com","adminId":"69258f21541409d4238bbb4c","ip":"::1","level":"info","message":"Admin action","method":"GET","path":"/pets","resourceId":null,"timestamp":"2026-06-22T03:47:55.166Z"}
{"adminEmail":"admin@pettag.com","adminId":"69258f21541409d4238bbb4c","ip":"::1","level":"info","message":"Admin action","method":"GET","path":"/pets","resourceId":null,"timestamp":"2026-06-22T03:47:55.512Z"}
{"adminEmail":"admin@pettag.com","adminId":"69258f21541409d4238bbb4c","ip":"::1","level":"info","message":"Admin action","method":"GET","path":"/pets","resourceId":null,"timestamp":"2026-06-22T03:48:03.290Z"}
{"adminEmail":"admin@pettag.com","adminId":"69258f21541409d4238bbb4c","ip":"::1","level":"info","message":"Admin action","method":"GET","path":"/pets","resourceId":null,"timestamp":"2026-06-22T03:48:05.196Z"}
{"adminEmail":"admin@pettag.com","adminId":"69258f21541409d4238bbb4c","ip":"::1","level":"info","message":"Admin action","method":"GET","path":"/pets","resourceId":null,"timestamp":"2026-06-22T03:48:07.563Z"}
{"adminEmail":"admin@pettag.com","adminId":"69258f21541409d4238bbb4c","ip":"::1","level":"info","message":"Admin action","method":"GET","path":"/products","resourceId":null,"timestamp":"2026-06-22T03:48:19.174Z"}
{"adminEmail":"admin@pettag.com","adminId":"69258f21541409d4238bbb4c","ip":"::1","level":"info","message":"Admin action","method":"GET","path":"/products","resourceId":null,"timestamp":"2026-06-22T03:48:19.470Z"}
{"adminEmail":"admin@pettag.com","adminId":"69258f21541409d4238bbb4c","ip":"::1","level":"info","message":"Admin action","method":"GET","path":"/orders","resourceId":null,"timestamp":"2026-06-22T03:48:51.342Z"}
{"adminEmail":"admin@pettag.com","adminId":"69258f21541409d4238bbb4c","ip":"::1","level":"info","message":"Admin action","method":"GET","path":"/orders","resourceId":null,"timestamp":"2026-06-22T03:48:51.730Z"}
{"adminEmail":"admin@pettag.com","adminId":"69258f21541409d4238bbb4c","ip":"::1","level":"info","message":"Admin action","method":"GET","path":"/orders/6a38a180698188e2d188ef01","resourceId":null,"timestamp":"2026-06-22T03:48:53.190Z"}
{"adminEmail":"admin@pettag.com","adminId":"69258f21541409d4238bbb4c","ip":"::1","level":"info","message":"Admin action","method":"GET","path":"/tags","resourceId":null,"timestamp":"2026-06-22T03:50:17.451Z"}
{"adminEmail":"admin@pettag.com","adminId":"69258f21541409d4238bbb4c","ip":"::1","level":"info","message":"Admin action","method":"GET","path":"/tags","resourceId":null,"timestamp":"2026-06-22T03:50:17.790Z"}
{"adminEmail":"admin@pettag.com","adminId":"69258f21541409d4238bbb4c","ip":"::1","level":"info","message":"Admin action","method":"GET","path":"/products","resourceId":null,"timestamp":"2026-06-22T03:50:30.410Z"}
{"adminEmail":"admin@pettag.com","adminId":"69258f21541409d4238bbb4c","ip":"::1","level":"info","message":"Admin action","method":"GET","path":"/products","resourceId":null,"timestamp":"2026-06-22T03:50:30.724Z"}
{"adminEmail":"admin@pettag.com","adminId":"69258f21541409d4238bbb4c","ip":"::1","level":"info","message":"Admin action","method":"GET","path":"/pets","resourceId":null,"timestamp":"2026-06-22T04:08:29.706Z"}
{"adminEmail":"admin@pettag.com","adminId":"69258f21541409d4238bbb4c","ip":"::1","level":"info","message":"Admin action","method":"GET","path":"/stats","resourceId":null,"timestamp":"2026-06-22T04:08:30.001Z"}
{"adminEmail":"admin@pettag.com","adminId":"69258f21541409d4238bbb4c","ip":"::1","level":"info","message":"Admin action","method":"GET","path":"/pets","resourceId":null,"timestamp":"2026-06-22T04:08:30.030Z"}
{"adminEmail":"admin@pettag.com","adminId":"69258f21541409d4238bbb4c","ip":"::1","level":"info","message":"Admin action","method":"GET","path":"/stats","resourceId":null,"timestamp":"2026-06-22T04:08:30.349Z"}
{"adminEmail":"admin@pettag.com","adminId":"69258f21541409d4238bbb4c","ip":"::1","level":"info","message":"Admin action","method":"GET","path":"/users","resourceId":null,"timestamp":"2026-06-22T04:08:32.638Z"}
{"adminEmail":"admin@pettag.com","adminId":"69258f21541409d4238bbb4c","ip":"::1","level":"info","message":"Admin action","method":"GET","path":"/users","resourceId":null,"timestamp":"2026-06-22T04:08:32.835Z"}
{"adminEmail":"admin@pettag.com","adminId":"69258f21541409d4238bbb4c","ip":"::1","level":"info","message":"Admin action","method":"GET","path":"/pets","resourceId":null,"timestamp":"2026-06-22T04:08:36.502Z"}
{"adminEmail":"admin@pettag.com","adminId":"69258f21541409d4238bbb4c","ip":"::1","level":"info","message":"Admin action","method":"GET","path":"/pets","resourceId":null,"timestamp":"2026-06-22T04:08:36.803Z"}
{"adminEmail":"admin@pettag.com","adminId":"69258f21541409d4238bbb4c","ip":"::1","level":"info","message":"Admin action","method":"GET","path":"/orders","resourceId":null,"timestamp":"2026-06-22T04:08:39.437Z"}
{"adminEmail":"admin@pettag.com","adminId":"69258f21541409d4238bbb4c","ip":"::1","level":"info","message":"Admin action","method":"GET","path":"/orders","resourceId":null,"timestamp":"2026-06-22T04:08:39.826Z"}
{"adminEmail":"admin@pettag.com","adminId":"69258f21541409d4238bbb4c","ip":"::1","level":"info","message":"Admin action","method":"GET","path":"/tags","resourceId":null,"timestamp":"2026-06-22T04:08:43.683Z"}
{"adminEmail":"admin@pettag.com","adminId":"69258f21541409d4238bbb4c","ip":"::1","level":"info","message":"Admin action","method":"GET","path":"/tags","resourceId":null,"timestamp":"2026-06-22T04:08:44.018Z"}
{"adminEmail":"admin@pettag.com","adminId":"69258f21541409d4238bbb4c","ip":"::1","level":"info","message":"Admin action","method":"GET","path":"/products","resourceId":null,"timestamp":"2026-06-22T04:08:46.946Z"}
{"adminEmail":"admin@pettag.com","adminId":"69258f21541409d4238bbb4c","ip":"::1","level":"info","message":"Admin action","method":"GET","path":"/products","resourceId":null,"timestamp":"2026-06-22T04:08:47.247Z"}
{"adminEmail":"admin@pettag.com","adminId":"69258f21541409d4238bbb4c","ip":"::1","level":"info","message":"Admin action","method":"GET","path":"/analytics/scans","resourceId":null,"timestamp":"2026-06-22T04:08:53.125Z"}
{"adminEmail":"admin@pettag.com","adminId":"69258f21541409d4238bbb4c","ip":"::1","level":"info","message":"Admin action","method":"GET","path":"/analytics/scans","resourceId":null,"timestamp":"2026-06-22T04:08:53.363Z"}
{"adminEmail":"admin@pettag.com","adminId":"69258f21541409d4238bbb4c","ip":"::1","level":"info","message":"Admin action","method":"GET","path":"/stats","resourceId":null,"timestamp":"2026-06-22T04:08:56.819Z"}
{"adminEmail":"admin@pettag.com","adminId":"69258f21541409d4238bbb4c","ip":"::1","level":"info","message":"Admin action","method":"GET","path":"/stats","resourceId":null,"timestamp":"2026-06-22T04:08:57.116Z"}
{"adminEmail":"admin@pettag.com","adminId":"69258f21541409d4238bbb4c","ip":"::1","level":"info","message":"Admin action","method":"GET","path":"/stats","resourceId":null,"timestamp":"2026-06-22T20:27:31.766Z"}
{"adminEmail":"admin@pettag.com","adminId":"69258f21541409d4238bbb4c","ip":"::1","level":"info","message":"Admin action","method":"GET","path":"/stats","resourceId":null,"timestamp":"2026-06-22T20:27:33.805Z"}
{"adminEmail":"admin@pettag.com","adminId":"69258f21541409d4238bbb4c","ip":"::1","level":"info","message":"Admin action","method":"GET","path":"/users","resourceId":null,"timestamp":"2026-06-22T20:27:34.027Z"}
{"adminEmail":"admin@pettag.com","adminId":"69258f21541409d4238bbb4c","ip":"::1","level":"info","message":"Admin action","method":"GET","path":"/users","resourceId":null,"timestamp":"2026-06-22T20:27:34.237Z"}
{"adminEmail":"admin@pettag.com","adminId":"69258f21541409d4238bbb4c","ip":"::1","level":"info","message":"Admin action","method":"GET","path":"/pets","resourceId":null,"timestamp":"2026-06-22T20:27:37.608Z"}
{"adminEmail":"admin@pettag.com","adminId":"69258f21541409d4238bbb4c","ip":"::1","level":"info","message":"Admin action","method":"GET","path":"/pets","resourceId":null,"timestamp":"2026-06-22T20:27:37.960Z"}
{"adminEmail":"admin@pettag.com","adminId":"69258f21541409d4238bbb4c","ip":"::1","level":"info","message":"Admin action","method":"GET","path":"/users","resourceId":null,"timestamp":"2026-06-22T20:27:52.268Z"}
{"adminEmail":"admin@pettag.com","adminId":"69258f21541409d4238bbb4c","ip":"::1","level":"info","message":"Admin action","method":"GET","path":"/users","resourceId":null,"timestamp":"2026-06-22T20:27:52.475Z"}
{"adminEmail":"admin@pettag.com","adminId":"69258f21541409d4238bbb4c","ip":"::1","level":"info","message":"Admin action","method":"GET","path":"/users/6925909d3d8c9fafa401fa39","resourceId":null,"timestamp":"2026-06-22T20:27:56.849Z"}
{"adminEmail":"admin@pettag.com","adminId":"69258f21541409d4238bbb4c","ip":"::1","level":"info","message":"Admin action","method":"GET","path":"/users/6925909d3d8c9fafa401fa39","resourceId":null,"timestamp":"2026-06-22T20:28:05.865Z"}
{"adminEmail":"admin@pettag.com","adminId":"69258f21541409d4238bbb4c","ip":"::1","level":"info","message":"Admin action","method":"GET","path":"/stats","resourceId":null,"timestamp":"2026-06-22T20:51:29.001Z"}
{"adminEmail":"admin@pettag.com","adminId":"69258f21541409d4238bbb4c","ip":"::1","level":"info","message":"Admin action","method":"GET","path":"/stats","resourceId":null,"timestamp":"2026-06-22T20:51:31.033Z"}
{"adminEmail":"admin@pettag.com","adminId":"69258f21541409d4238bbb4c","ip":"::1","level":"info","message":"Admin action","method":"GET","path":"/analytics/scans","resourceId":null,"timestamp":"2026-06-22T20:51:42.034Z"}
{"adminEmail":"admin@pettag.com","adminId":"69258f21541409d4238bbb4c","ip":"::1","level":"info","message":"Admin action","method":"GET","path":"/analytics/scans","resourceId":null,"timestamp":"2026-06-22T20:51:42.268Z"}
{"adminEmail":"admin@pettag.com","adminId":"69258f21541409d4238bbb4c","ip":"::1","level":"info","message":"Admin action","method":"GET","path":"/pets","resourceId":null,"timestamp":"2026-06-22T21:13:27.585Z"}
{"adminEmail":"admin@pettag.com","adminId":"69258f21541409d4238bbb4c","ip":"::1","level":"info","message":"Admin action","method":"GET","path":"/pets","resourceId":null,"timestamp":"2026-06-22T21:13:27.887Z"}
{"adminEmail":"admin@pettag.com","adminId":"69258f21541409d4238bbb4c","ip":"::1","level":"info","message":"Admin action","method":"GET","path":"/stats","resourceId":null,"timestamp":"2026-06-22T21:13:28.192Z"}
{"adminEmail":"admin@pettag.com","adminId":"69258f21541409d4238bbb4c","ip":"::1","level":"info","message":"Admin action","method":"GET","path":"/stats","resourceId":null,"timestamp":"2026-06-22T21:13:30.436Z"}
{"adminEmail":"admin@pettag.com","adminId":"69258f21541409d4238bbb4c","ip":"::1","level":"info","message":"Admin action","method":"GET","path":"/users","resourceId":null,"timestamp":"2026-06-22T21:13:33.491Z"}
{"adminEmail":"admin@pettag.com","adminId":"69258f21541409d4238bbb4c","ip":"::1","level":"info","message":"Admin action","method":"GET","path":"/users","resourceId":null,"timestamp":"2026-06-22T21:13:33.726Z"}
{"adminEmail":"admin@pettag.com","adminId":"69258f21541409d4238bbb4c","ip":"::1","level":"info","message":"Admin action","method":"GET","path":"/users/6a39a55d200d9856a3478b3b","resourceId":null,"timestamp":"2026-06-22T21:13:37.606Z"}
{"adminEmail":"admin@pettag.com","adminId":"69258f21541409d4238bbb4c","ip":"::1","level":"info","message":"Admin action","method":"GET","path":"/pets","resourceId":null,"timestamp":"2026-06-22T21:13:40.713Z"}
{"adminEmail":"admin@pettag.com","adminId":"69258f21541409d4238bbb4c","ip":"::1","level":"info","message":"Admin action","method":"GET","path":"/pets","resourceId":null,"timestamp":"2026-06-22T21:13:41.028Z"}
{"adminEmail":"admin@pettag.com","adminId":"69258f21541409d4238bbb4c","ip":"::1","level":"info","message":"Admin action","method":"GET","path":"/users","resourceId":null,"timestamp":"2026-06-22T21:13:42.539Z"}
{"adminEmail":"admin@pettag.com","adminId":"69258f21541409d4238bbb4c","ip":"::1","level":"info","message":"Admin action","method":"GET","path":"/users","resourceId":null,"timestamp":"2026-06-22T21:13:42.771Z"}
{"adminEmail":"admin@pettag.com","adminId":"69258f21541409d4238bbb4c","ip":"::1","level":"info","message":"Admin action","method":"GET","path":"/users/6925909d3d8c9fafa401fa39","resourceId":null,"timestamp":"2026-06-22T21:13:45.760Z"}
{"adminEmail":"admin@pettag.com","adminId":"69258f21541409d4238bbb4c","ip":"::1","level":"info","message":"Admin action","method":"GET","path":"/pets","resourceId":null,"timestamp":"2026-06-22T21:13:54.948Z"}
{"adminEmail":"admin@pettag.com","adminId":"69258f21541409d4238bbb4c","ip":"::1","level":"info","message":"Admin action","method":"GET","path":"/pets","resourceId":null,"timestamp":"2026-06-22T21:13:55.259Z"}
{"adminEmail":"admin@pettag.com","adminId":"69258f21541409d4238bbb4c","ip":"::1","level":"info","message":"Admin action","method":"GET","path":"/orders","resourceId":null,"timestamp":"2026-06-22T21:14:02.943Z"}
{"adminEmail":"admin@pettag.com","adminId":"69258f21541409d4238bbb4c","ip":"::1","level":"info","message":"Admin action","method":"GET","path":"/orders","resourceId":null,"timestamp":"2026-06-22T21:14:03.332Z"}
{"adminEmail":"admin@pettag.com","adminId":"69258f21541409d4238bbb4c","ip":"::1","level":"info","message":"Admin action","method":"GET","path":"/orders/6a38a180698188e2d188ef01","resourceId":null,"timestamp":"2026-06-22T21:14:06.510Z"}
{"adminEmail":"admin@pettag.com","adminId":"69258f21541409d4238bbb4c","ip":"::1","level":"info","message":"Admin action","method":"GET","path":"/tags","resourceId":null,"timestamp":"2026-06-22T21:14:12.820Z"}
{"adminEmail":"admin@pettag.com","adminId":"69258f21541409d4238bbb4c","ip":"::1","level":"info","message":"Admin action","method":"GET","path":"/tags","resourceId":null,"timestamp":"2026-06-22T21:14:13.134Z"}
{"adminEmail":"admin@pettag.com","adminId":"69258f21541409d4238bbb4c","ip":"::1","level":"info","message":"Admin action","method":"GET","path":"/products","resourceId":null,"timestamp":"2026-06-22T21:14:17.668Z"}
{"adminEmail":"admin@pettag.com","adminId":"69258f21541409d4238bbb4c","ip":"::1","level":"info","message":"Admin action","method":"GET","path":"/products","resourceId":null,"timestamp":"2026-06-22T21:14:17.983Z"}
{"adminEmail":"admin@pettag.com","adminId":"69258f21541409d4238bbb4c","body":{"availability":"in_stock","availableColors":[{"_id":"6a38a110a17aa8f9670f3afd","hexCode":"#3B82F6","name":"Blue"},{"_id":"6a38a110a17aa8f9670f3afe","hexCode":"#EF4444","name":"Red"},{"_id":"6a38a110a17aa8f9670f3aff","hexCode":"#22C55E","name":"Green"},{"_id":"6a38a110a17aa8f9670f3b00","hexCode":"#A855F7","name":"Purple"},{"_id":"6a38a110a17aa8f9670f3b01","hexCode":"#F97316","name":"Orange"}],"availableSizes":[],"badge":"new","compareAtPrice":9.99,"isActive":true,"isFeatured":true,"price":12,"stock":0},"ip":"::1","level":"info","message":"Admin action","method":"PUT","path":"/products/69400b0752f2b4453e30c8ed","resourceId":null,"timestamp":"2026-06-22T21:14:34.140Z"}
{"adminEmail":"admin@pettag.com","adminId":"69258f21541409d4238bbb4c","ip":"::1","level":"info","message":"Admin action","method":"GET","path":"/stats","resourceId":null,"timestamp":"2026-06-22T21:15:16.172Z"}
{"adminEmail":"admin@pettag.com","adminId":"69258f21541409d4238bbb4c","ip":"::1","level":"info","message":"Admin action","method":"GET","path":"/stats","resourceId":null,"timestamp":"2026-06-22T21:15:16.468Z"}
{"adminEmail":"admin@pettag.com","adminId":"69258f21541409d4238bbb4c","ip":"::1","level":"info","message":"Admin action","method":"GET","path":"/products","resourceId":null,"timestamp":"2026-06-22T21:15:17.025Z"}
{"adminEmail":"admin@pettag.com","adminId":"69258f21541409d4238bbb4c","ip":"::1","level":"info","message":"Admin action","method":"GET","path":"/products","resourceId":null,"timestamp":"2026-06-22T21:15:17.374Z"}
{"adminEmail":"admin@pettag.com","adminId":"69258f21541409d4238bbb4c","body":{"availability":"in_stock","availableColors":[{"_id":"6a38a110a17aa8f9670f3afd","hexCode":"#3B82F6","name":"Blue"},{"_id":"6a38a110a17aa8f9670f3afe","hexCode":"#EF4444","name":"Red"},{"_id":"6a38a110a17aa8f9670f3aff","hexCode":"#22C55E","name":"Green"},{"_id":"6a38a110a17aa8f9670f3b00","hexCode":"#A855F7","name":"Purple"},{"_id":"6a38a110a17aa8f9670f3b01","hexCode":"#F97316","name":"Orange"}],"availableSizes":[],"badge":"new","compareAtPrice":9.99,"isActive":true,"isFeatured":true,"price":12,"stock":10},"ip":"::1","level":"info","message":"Admin action","method":"PUT","path":"/products/69400b0752f2b4453e30c8ed","resourceId":null,"timestamp":"2026-06-22T21:15:43.533Z"}
{"adminEmail":"admin@pettag.com","adminId":"69258f21541409d4238bbb4c","ip":"::1","level":"info","message":"Admin action","method":"GET","path":"/stats","resourceId":null,"timestamp":"2026-06-22T21:15:56.085Z"}
{"adminEmail":"admin@pettag.com","adminId":"69258f21541409d4238bbb4c","ip":"::1","level":"info","message":"Admin action","method":"GET","path":"/stats","resourceId":null,"timestamp":"2026-06-22T21:15:56.384Z"}
{"adminEmail":"admin@pettag.com","adminId":"69258f21541409d4238bbb4c","ip":"::1","level":"info","message":"Admin action","method":"GET","path":"/products","resourceId":null,"timestamp":"2026-06-22T21:15:57.978Z"}
{"adminEmail":"admin@pettag.com","adminId":"69258f21541409d4238bbb4c","ip":"::1","level":"info","message":"Admin action","method":"GET","path":"/products","resourceId":null,"timestamp":"2026-06-22T21:15:58.331Z"}
{"adminEmail":"admin@pettag.com","adminId":"69258f21541409d4238bbb4c","ip":"::1","level":"info","message":"Admin action","method":"GET","path":"/stats","resourceId":null,"timestamp":"2026-06-22T21:17:55.036Z"}
{"adminEmail":"admin@pettag.com","adminId":"69258f21541409d4238bbb4c","ip":"::1","level":"info","message":"Admin action","method":"GET","path":"/stats","resourceId":null,"timestamp":"2026-06-22T21:17:57.020Z"}
{"adminEmail":"admin@pettag.com","adminId":"69258f21541409d4238bbb4c","ip":"::1","level":"info","message":"Admin action","method":"GET","path":"/users","resourceId":null,"timestamp":"2026-06-22T21:17:59.097Z"}
{"adminEmail":"admin@pettag.com","adminId":"69258f21541409d4238bbb4c","ip":"::1","level":"info","message":"Admin action","method":"GET","path":"/users","resourceId":null,"timestamp":"2026-06-22T21:17:59.331Z"}
{"adminEmail":"admin@pettag.com","adminId":"69258f21541409d4238bbb4c","ip":"::1","level":"info","message":"Admin action","method":"GET","path":"/products","resourceId":null,"timestamp":"2026-06-22T21:18:01.304Z"}
{"adminEmail":"admin@pettag.com","adminId":"69258f21541409d4238bbb4c","ip":"::1","level":"info","message":"Admin action","method":"GET","path":"/products","resourceId":null,"timestamp":"2026-06-22T21:18:01.594Z"}
{"adminEmail":"admin@pettag.com","adminId":"69258f21541409d4238bbb4c","body":{"availability":"out_of_stock","availableColors":[{"_id":"6a38a110a17aa8f9670f3afd","hexCode":"#3B82F6","name":"Blue"},{"_id":"6a38a110a17aa8f9670f3afe","hexCode":"#EF4444","name":"Red"},{"_id":"6a38a110a17aa8f9670f3aff","hexCode":"#22C55E","name":"Green"},{"_id":"6a38a110a17aa8f9670f3b00","hexCode":"#A855F7","name":"Purple"},{"_id":"6a38a110a17aa8f9670f3b01","hexCode":"#F97316","name":"Orange"}],"availableSizes":[],"badge":"new","compareAtPrice":9.99,"isActive":true,"isFeatured":true,"price":12,"stock":0},"ip":"::1","level":"info","message":"Admin action","method":"PUT","path":"/products/69400b0752f2b4453e30c8ed","resourceId":null,"timestamp":"2026-06-22T21:18:14.702Z"}
{"adminEmail":"admin@pettag.com","adminId":"69258f21541409d4238bbb4c","ip":"::1","level":"info","message":"Admin action","method":"GET","path":"/products","resourceId":null,"timestamp":"2026-06-22T21:18:21.419Z"}
{"adminEmail":"admin@pettag.com","adminId":"69258f21541409d4238bbb4c","ip":"::1","level":"info","message":"Admin action","method":"GET","path":"/products","resourceId":null,"timestamp":"2026-06-22T21:18:22.909Z"}
{"adminEmail":"admin@pettag.com","adminId":"69258f21541409d4238bbb4c","ip":"::1","level":"info","message":"Admin action","method":"GET","path":"/products","resourceId":null,"timestamp":"2026-06-22T21:18:24.237Z"}
{"adminEmail":"admin@pettag.com","adminId":"69258f21541409d4238bbb4c","ip":"::1","level":"info","message":"Admin action","method":"GET","path":"/products","resourceId":null,"timestamp":"2026-06-22T21:18:25.938Z"}
{"adminEmail":"admin@pettag.com","adminId":"69258f21541409d4238bbb4c","ip":"::1","level":"info","message":"Admin action","method":"GET","path":"/stats","resourceId":null,"timestamp":"2026-06-22T21:18:28.492Z"}
{"adminEmail":"admin@pettag.com","adminId":"69258f21541409d4238bbb4c","ip":"::1","level":"info","message":"Admin action","method":"GET","path":"/stats","resourceId":null,"timestamp":"2026-06-22T21:18:28.782Z"}
{"adminEmail":"admin@pettag.com","adminId":"69258f21541409d4238bbb4c","ip":"::1","level":"info","message":"Admin action","method":"GET","path":"/pets","resourceId":null,"timestamp":"2026-06-22T22:25:08.510Z"}
{"adminEmail":"admin@pettag.com","adminId":"69258f21541409d4238bbb4c","ip":"::1","level":"info","message":"Admin action","method":"GET","path":"/pets","resourceId":null,"timestamp":"2026-06-22T22:25:08.809Z"}
{"adminEmail":"admin@pettag.com","adminId":"69258f21541409d4238bbb4c","ip":"::1","level":"info","message":"Admin action","method":"GET","path":"/stats","resourceId":null,"timestamp":"2026-06-22T22:25:09.060Z"}
{"adminEmail":"admin@pettag.com","adminId":"69258f21541409d4238bbb4c","ip":"::1","level":"info","message":"Admin action","method":"GET","path":"/stats","resourceId":null,"timestamp":"2026-06-22T22:25:10.989Z"}
{"adminEmail":"admin@pettag.com","adminId":"69258f21541409d4238bbb4c","ip":"::1","level":"info","message":"Admin action","method":"GET","path":"/users","resourceId":null,"timestamp":"2026-06-22T22:25:14.134Z"}
{"adminEmail":"admin@pettag.com","adminId":"69258f21541409d4238bbb4c","ip":"::1","level":"info","message":"Admin action","method":"GET","path":"/users","resourceId":null,"timestamp":"2026-06-22T22:25:14.370Z"}
{"adminEmail":"admin@pettag.com","adminId":"69258f21541409d4238bbb4c","ip":"::1","level":"info","message":"Admin action","method":"GET","path":"/users/6a39b58b893f0fa6f12d3680","resourceId":null,"timestamp":"2026-06-22T22:25:17.145Z"}
{"adminEmail":"admin@pettag.com","adminId":"69258f21541409d4238bbb4c","ip":"::1","level":"info","message":"Admin action","method":"GET","path":"/pets","resourceId":null,"timestamp":"2026-06-22T22:25:21.485Z"}
{"adminEmail":"admin@pettag.com","adminId":"69258f21541409d4238bbb4c","ip":"::1","level":"info","message":"Admin action","method":"GET","path":"/pets","resourceId":null,"timestamp":"2026-06-22T22:25:21.823Z"}
{"adminEmail":"admin@pettag.com","adminId":"69258f21541409d4238bbb4c","ip":"::1","level":"info","message":"Admin action","method":"GET","path":"/users","resourceId":null,"timestamp":"2026-06-22T22:25:26.493Z"}
{"adminEmail":"admin@pettag.com","adminId":"69258f21541409d4238bbb4c","ip":"::1","level":"info","message":"Admin action","method":"GET","path":"/users","resourceId":null,"timestamp":"2026-06-22T22:25:26.734Z"}
{"adminEmail":"admin@pettag.com","adminId":"69258f21541409d4238bbb4c","ip":"::1","level":"info","message":"Admin action","method":"GET","path":"/users/6925909d3d8c9fafa401fa39","resourceId":null,"timestamp":"2026-06-22T22:25:34.297Z"}
{"adminEmail":"admin@pettag.com","adminId":"69258f21541409d4238bbb4c","ip":"::1","level":"info","message":"Admin action","method":"GET","path":"/pets","resourceId":null,"timestamp":"2026-06-22T22:25:41.943Z"}
{"adminEmail":"admin@pettag.com","adminId":"69258f21541409d4238bbb4c","ip":"::1","level":"info","message":"Admin action","method":"GET","path":"/pets","resourceId":null,"timestamp":"2026-06-22T22:25:42.279Z"}
{"adminEmail":"admin@pettag.com","adminId":"69258f21541409d4238bbb4c","ip":"::1","level":"info","message":"Admin action","method":"GET","path":"/orders","resourceId":null,"timestamp":"2026-06-22T22:25:42.552Z"}
{"adminEmail":"admin@pettag.com","adminId":"69258f21541409d4238bbb4c","ip":"::1","level":"info","message":"Admin action","method":"GET","path":"/orders","resourceId":null,"timestamp":"2026-06-22T22:25:43.023Z"}
{"adminEmail":"admin@pettag.com","adminId":"69258f21541409d4238bbb4c","ip":"::1","level":"info","message":"Admin action","method":"GET","path":"/tags","resourceId":null,"timestamp":"2026-06-22T22:25:44.805Z"}
{"adminEmail":"admin@pettag.com","adminId":"69258f21541409d4238bbb4c","ip":"::1","level":"info","message":"Admin action","method":"GET","path":"/tags","resourceId":null,"timestamp":"2026-06-22T22:25:45.154Z"}
{"adminEmail":"admin@pettag.com","adminId":"69258f21541409d4238bbb4c","ip":"::1","level":"info","message":"Admin action","method":"GET","path":"/products","resourceId":null,"timestamp":"2026-06-22T22:25:49.372Z"}
{"adminEmail":"admin@pettag.com","adminId":"69258f21541409d4238bbb4c","ip":"::1","level":"info","message":"Admin action","method":"GET","path":"/products","resourceId":null,"timestamp":"2026-06-22T22:25:49.724Z"}
{"adminEmail":"admin@pettag.com","adminId":"69258f21541409d4238bbb4c","body":{"availability":"in_stock","availableColors":[{"_id":"6a38a110a17aa8f9670f3afd","hexCode":"#3B82F6","name":"Blue"},{"_id":"6a38a110a17aa8f9670f3afe","hexCode":"#EF4444","name":"Red"},{"_id":"6a38a110a17aa8f9670f3aff","hexCode":"#22C55E","name":"Green"},{"_id":"6a38a110a17aa8f9670f3b00","hexCode":"#A855F7","name":"Purple"},{"_id":"6a38a110a17aa8f9670f3b01","hexCode":"#F97316","name":"Orange"}],"availableSizes":[],"badge":"new","compareAtPrice":9.99,"isActive":true,"isFeatured":true,"price":12,"stock":10},"ip":"::1","level":"info","message":"Admin action","method":"PUT","path":"/products/69400b0752f2b4453e30c8ed","resourceId":null,"timestamp":"2026-06-22T22:26:00.899Z"}
{"adminEmail":"admin@pettag.com","adminId":"69258f21541409d4238bbb4c","ip":"::1","level":"info","message":"Admin action","method":"GET","path":"/stats","resourceId":null,"timestamp":"2026-06-22T22:26:12.993Z"}
{"adminEmail":"admin@pettag.com","adminId":"69258f21541409d4238bbb4c","ip":"::1","level":"info","message":"Admin action","method":"GET","path":"/stats","resourceId":null,"timestamp":"2026-06-22T22:26:13.290Z"}
{"adminEmail":"admin@pettag.com","adminId":"69258f21541409d4238bbb4c","ip":"::1","level":"info","message":"Admin action","method":"GET","path":"/products","resourceId":null,"timestamp":"2026-06-22T22:26:14.500Z"}
{"adminEmail":"admin@pettag.com","adminId":"69258f21541409d4238bbb4c","ip":"::1","level":"info","message":"Admin action","method":"GET","path":"/products","resourceId":null,"timestamp":"2026-06-22T22:26:14.855Z"}
{"adminEmail":"admin@pettag.com","adminId":"69258f21541409d4238bbb4c","ip":"::1","level":"info","message":"Admin action","method":"GET","path":"/analytics/scans","resourceId":null,"timestamp":"2026-06-22T22:26:17.914Z"}
{"adminEmail":"admin@pettag.com","adminId":"69258f21541409d4238bbb4c","ip":"::1","level":"info","message":"Admin action","method":"GET","path":"/analytics/scans","resourceId":null,"timestamp":"2026-06-22T22:26:18.147Z"}
{"adminEmail":"admin@pettag.com","adminId":"69258f21541409d4238bbb4c","ip":"::1","level":"info","message":"Admin action","method":"GET","path":"/stats","resourceId":null,"timestamp":"2026-06-22T22:26:20.045Z"}
{"adminEmail":"admin@pettag.com","adminId":"69258f21541409d4238bbb4c","ip":"::1","level":"info","message":"Admin action","method":"GET","path":"/stats","resourceId":null,"timestamp":"2026-06-22T22:26:20.342Z"}
{"adminEmail":"admin@pettag.com","adminId":"69258f21541409d4238bbb4c","ip":"::1","level":"info","message":"Admin action","method":"GET","path":"/stats","resourceId":null,"timestamp":"2026-06-22T22:32:29.496Z"}
{"adminEmail":"admin@pettag.com","adminId":"69258f21541409d4238bbb4c","ip":"::1","level":"info","message":"Admin action","method":"GET","path":"/stats","resourceId":null,"timestamp":"2026-06-22T22:32:29.787Z"}
{"adminEmail":"admin@pettag.com","adminId":"69258f21541409d4238bbb4c","ip":"::1","level":"info","message":"Admin action","method":"GET","path":"/users","resourceId":null,"timestamp":"2026-06-22T22:32:30.674Z"}
{"adminEmail":"admin@pettag.com","adminId":"69258f21541409d4238bbb4c","ip":"::1","level":"info","message":"Admin action","method":"GET","path":"/users","resourceId":null,"timestamp":"2026-06-22T22:32:30.907Z"}
